week_start_date,season,month,season_week,denv1_cases,denv2_cases,denv3_cases,denv4_cases,other_positive_cases,total_cases,8_wk_rolling_mean,13_wk_rolling_mean
2000-07-01,2000/2001,Jul,1,0,0,0,0,0,0,,
2000-07-08,2000/2001,Jul,2,0,0,0,0,0,0,,
2000-07-15,2000/2001,Jul,3,0,0,0,0,0,0,,
2000-07-22,2000/2001,Jul,4,0,0,0,0,0,0,,
2000-07-29,2000/2001,Jul,5,0,0,0,0,0,0,0.0,
2000-08-05,2000/2001,Aug,6,0,0,0,0,0,0,0.0,
2000-08-12,2000/2001,Aug,7,0,0,0,0,0,0,0.0,0.07692307692307693
2000-08-19,2000/2001,Aug,8,0,0,0,0,0,0,0.125,0.07692307692307693
2000-08-26,2000/2001,Aug,9,0,0,0,0,0,0,0.125,0.07692307692307693
2000-09-02,2000/2001,Sep,10,0,0,0,0,0,0,0.125,0.15384615384615385
2000-09-09,2000/2001,Sep,11,0,0,0,0,1,1,0.125,0.23076923076923078
2000-09-16,2000/2001,Sep,12,0,0,0,0,0,0,0.125,0.23076923076923078
2000-09-23,2000/2001,Sep,13,0,0,0,0,0,0,0.25,0.23076923076923078
2000-09-30,2000/2001,Sep,14,0,0,0,0,0,0,0.375,0.23076923076923078
2000-10-07,2000/2001,Oct,15,0,0,0,0,0,0,0.375,0.23076923076923078
2000-10-14,2000/2001,Oct,16,0,0,0,0,1,1,0.25,0.23076923076923078
2000-10-21,2000/2001,Oct,17,0,0,0,0,1,1,0.25,0.23076923076923078
2000-10-28,2000/2001,Oct,18,0,0,0,0,0,0,0.25,0.15384615384615385
2000-11-04,2000/2001,Nov,19,0,0,0,0,0,0,0.25,0.23076923076923078
2000-11-11,2000/2001,Nov,20,0,0,0,0,0,0,0.25,0.23076923076923078
2000-11-18,2000/2001,Nov,21,0,0,0,0,0,0,0.125,0.23076923076923078
2000-11-25,2000/2001,Nov,22,0,0,0,0,0,0,0.125,0.23076923076923078
2000-12-02,2000/2001,Dec,23,0,0,0,0,0,0,0.125,0.15384615384615385
2000-12-09,2000/2001,Dec,24,0,0,0,0,0,0,0.125,0.07692307692307693
2000-12-16,2000/2001,Dec,25,0,0,0,0,1,1,0.125,0.07692307692307693
2000-12-23,2000/2001,Dec,26,0,0,0,0,0,0,0.125,0.07692307692307693
2001-01-01,2000/2001,Jan,27,0,0,0,0,0,0,0.125,0.07692307692307693
2001-01-08,2000/2001,Jan,28,0,0,0,0,0,0,0.125,0.07692307692307693
2001-01-15,2000/2001,Jan,29,0,0,0,0,0,0,0.125,0.07692307692307693
2001-01-22,2000/2001,Jan,30,0,0,0,0,0,0,0.0,0.07692307692307693
2001-01-29,2000/2001,Jan,31,0,0,0,0,0,0,0.0,0.07692307692307693
2001-02-05,2000/2001,Feb,32,0,0,0,0,0,0,0.0,0.0
2001-02-12,2000/2001,Feb,33,0,0,0,0,0,0,0.0,0.0
2001-02-19,2000/2001,Feb,34,0,0,0,0,0,0,0.0,0.0
2001-02-26,2000/2001,Feb,35,0,0,0,0,0,0,0.0,0.0
2001-03-05,2000/2001,Mar,36,0,0,0,0,0,0,0.0,0.07692307692307693
2001-03-12,2000/2001,Mar,37,0,0,0,0,0,0,0.0,0.07692307692307693
2001-03-19,2000/2001,Mar,38,0,0,0,0,0,0,0.0,0.07692307692307693
2001-03-26,2000/2001,Mar,39,0,0,0,0,0,0,0.125,0.07692307692307693
2001-04-02,2000/2001,Apr,40,0,0,0,0,0,0,0.125,0.07692307692307693
2001-04-09,2000/2001,Apr,41,0,0,0,0,0,0,0.125,0.15384615384615385
2001-04-16,2000/2001,Apr,42,0,0,0,0,1,1,0.125,0.23076923076923078
2001-04-23,2000/2001,Apr,43,0,0,0,0,0,0,0.125,0.23076923076923078
2001-04-30,2000/2001,Apr,44,0,0,0,0,0,0,0.25,0.23076923076923078
2001-05-07,2000/2001,May,45,0,0,0,0,0,0,0.375,0.3076923076923077
2001-05-14,2000/2001,May,46,0,0,0,0,0,0,0.375,0.3076923076923077
2001-05-21,2000/2001,May,47,0,0,0,0,1,1,0.25,0.3076923076923077
2001-05-28,2000/2001,May,48,1,0,0,0,0,1,0.375,0.3076923076923077
2001-06-04,2000/2001,Jun,49,0,0,0,0,0,0,0.375,0.23076923076923078
2001-06-11,2000/2001,Jun,50,0,0,0,0,0,0,0.375,0.23076923076923078
2001-06-18,2000/2001,Jun,51,0,0,0,0,1,1,0.375,0.23076923076923078
2001-06-25,2000/2001,Jun,52,0,0,0,0,0,0,0.25,0.23076923076923078
2001-07-02,2001/2002,Jul,1,0,0,0,0,0,0,0.125,0.23076923076923078
2001-07-09,2001/2002,Jul,2,0,0,0,0,0,0,0.125,0.15384615384615385
2001-07-16,2001/2002,Jul,3,0,0,0,0,0,0,0.125,0.07692307692307693
2001-07-23,2001/2002,Jul,4,0,0,0,0,0,0,0.0,0.07692307692307693
2001-07-30,2001/2002,Jul,5,0,0,0,0,0,0,0.0,0.07692307692307693
2001-08-06,2001/2002,Aug,6,0,0,0,0,0,0,0.0,0.0
2001-08-13,2001/2002,Aug,7,0,0,0,0,0,0,0.0,0.0
2001-08-20,2001/2002,Aug,8,0,0,0,0,0,0,0.0,0.0
2001-08-27,2001/2002,Aug,9,0,0,0,0,0,0,0.0,0.0
2001-09-03,2001/2002,Sep,10,0,0,0,0,0,0,0.0,0.0
2001-09-10,2001/2002,Sep,11,0,0,0,0,0,0,0.0,0.0
2001-09-17,2001/2002,Sep,12,0,0,0,0,0,0,0.0,0.0
2001-09-24,2001/2002,Sep,13,0,0,0,0,0,0,0.0,0.0
2001-10-01,2001/2002,Oct,14,0,0,0,0,0,0,0.0,0.0
2001-10-08,2001/2002,Oct,15,0,0,0,0,0,0,0.0,0.07692307692307693
2001-10-15,2001/2002,Oct,16,0,0,0,0,0,0,0.0,0.15384615384615385
2001-10-22,2001/2002,Oct,17,0,0,0,0,0,0,0.0,0.23076923076923078
2001-10-29,2001/2002,Oct,18,0,0,0,0,0,0,0.125,0.38461538461538464
2001-11-05,2001/2002,Nov,19,0,0,0,0,0,0,0.25,0.6923076923076923
2001-11-12,2001/2002,Nov,20,0,0,0,0,0,0,0.375,0.7692307692307693
2001-11-19,2001/2002,Nov,21,0,0,0,0,1,1,0.625,1.0769230769230769
2001-11-26,2001/2002,Nov,22,0,0,0,0,1,1,1.125,1.9230769230769231
2001-12-03,2001/2002,Dec,23,0,0,1,0,0,1,1.25,3.1538461538461537
2001-12-10,2001/2002,Dec,24,1,0,0,0,1,2,1.75,4.923076923076923
2001-12-17,2001/2002,Dec,25,2,0,0,0,2,4,3.125,5.846153846153846
2001-12-24,2001/2002,Dec,26,0,0,0,0,1,1,5.0,6.923076923076923
2002-01-01,2001/2002,Jan,27,2,0,1,0,1,4,7.75,8.307692307692308
2002-01-08,2001/2002,Jan,28,5,0,3,0,3,11,9.125,8.846153846153847
2002-01-15,2001/2002,Jan,29,4,0,7,0,5,16,10.625,9.307692307692308
2002-01-22,2001/2002,Jan,30,7,1,5,0,10,23,12.375,10.0
2002-01-29,2001/2002,Jan,31,8,2,1,0,1,12,13.25,10.384615384615385
2002-02-05,2001/2002,Feb,32,3,1,1,0,9,14,13.625,10.846153846153847
2002-02-12,2001/2002,Feb,33,7,1,3,0,7,18,13.5,11.153846153846153
2002-02-19,2001/2002,Feb,34,3,0,2,0,3,8,12.375,11.692307692307692
2002-02-26,2001/2002,Feb,35,2,0,2,0,3,7,10.75,11.461538461538462
2002-03-05,2001/2002,Mar,36,3,0,6,0,1,10,9.875,11.615384615384615
2002-03-12,2001/2002,Mar,37,2,0,3,0,2,7,9.5,10.846153846153847
2002-03-19,2001/2002,Mar,38,2,1,5,0,2,10,8.25,10.615384615384615
2002-03-26,2001/2002,Mar,39,0,0,3,0,2,5,9.5,11.23076923076923
2002-04-02,2001/2002,Apr,40,1,0,8,0,2,11,10.25,10.615384615384615
2002-04-09,2001/2002,Apr,41,1,0,4,0,3,8,10.125,10.384615384615385
2002-04-16,2001/2002,Apr,42,1,0,12,0,5,18,12.0,10.846153846153847
2002-04-23,2001/2002,Apr,43,2,1,6,0,4,13,12.0,10.23076923076923
2002-04-30,2001/2002,Apr,44,0,0,7,0,2,9,12.0,10.538461538461538
2002-05-07,2001/2002,May,45,2,0,15,0,5,22,12.25,10.615384615384615
2002-05-14,2001/2002,May,46,1,1,4,0,4,10,11.5,10.461538461538462
2002-05-21,2001/2002,May,47,0,0,4,0,1,5,10.625,10.153846153846153
2002-05-28,2001/2002,May,48,0,1,7,0,5,13,10.375,10.076923076923077
2002-06-04,2001/2002,Jun,49,0,0,0,0,2,2,9.625,9.0
2002-06-11,2001/2002,Jun,50,0,0,6,0,5,11,7.75,8.384615384615385
2002-06-18,2001/2002,Jun,51,0,0,6,0,5,11,7.375,8.153846153846153
2002-06-25,2001/2002,Jun,52,0,0,1,0,2,3,7.25,7.0
2002-07-02,2002/2003,Jul,1,0,0,2,0,5,7,6.25,6.769230769230769
2002-07-09,2002/2003,Jul,2,1,0,3,0,3,7,6.75,6.6923076923076925
2002-07-16,2002/2003,Jul,3,0,0,1,0,3,4,6.25,6.384615384615385
2002-07-23,2002/2003,Jul,4,0,0,2,0,3,5,5.75,7.538461538461538
2002-07-30,2002/2003,Jul,5,0,0,5,0,1,6,5.875,7.3076923076923075
2002-08-06,2002/2003,Aug,6,0,0,4,0,3,7,6.125,8.153846153846153
2002-08-13,2002/2003,Aug,7,0,0,3,0,4,7,7.375,9.307692307692308
2002-08-20,2002/2003,Aug,8,0,0,1,0,3,4,7.875,10.384615384615385
2002-08-27,2002/2003,Aug,9,1,0,4,0,4,9,10.0,11.076923076923077
2002-09-03,2002/2003,Sep,10,1,0,12,0,4,17,11.5,13.153846153846153
2002-09-10,2002/2003,Sep,11,0,0,5,0,3,8,13.25,14.692307692307692
2002-09-17,2002/2003,Sep,12,0,0,21,0,1,22,14.375,16.384615384615383
2002-09-24,2002/2003,Sep,13,0,0,16,0,2,18,17.75,17.846153846153847
2002-10-01,2002/2003,Oct,14,0,0,16,0,5,21,19.75,18.692307692307693
2002-10-08,2002/2003,Oct,15,0,0,13,0,3,16,21.125,20.46153846153846
2002-10-15,2002/2003,Oct,16,0,0,19,0,12,31,23.375,20.615384615384617
2002-10-22,2002/2003,Oct,17,0,0,16,0,9,25,22.875,22.23076923076923
2002-10-29,2002/2003,Oct,18,0,0,21,0,7,28,24.0,23.846153846153847
2002-11-05,2002/2003,Nov,19,0,0,18,0,8,26,22.75,23.76923076923077
2002-11-12,2002/2003,Nov,20,0,0,6,0,12,18,25.5,23.23076923076923
2002-11-19,2002/2003,Nov,21,0,0,11,0,16,27,25.25,22.384615384615383
2002-11-26,2002/2003,Nov,22,0,0,8,0,3,11,24.75,21.53846153846154
2002-12-03,2002/2003,Dec,23,0,0,22,0,16,38,22.625,19.615384615384617
2002-12-10,2002/2003,Dec,24,0,0,21,0,8,29,20.625,17.846153846153847
2002-12-17,2002/2003,Dec,25,0,0,18,0,3,21,19.0,15.76923076923077
2002-12-24,2002/2003,Dec,26,0,0,9,0,2,11,16.375,13.923076923076923
2003-01-01,2002/2003,Jan,27,0,0,8,0,2,10,15.25,12.692307692307692
2003-01-08,2002/2003,Jan,28,0,0,3,0,2,5,10.625,10.846153846153847
2003-01-15,2002/2003,Jan,29,0,0,5,0,1,6,7.25,10.384615384615385
2003-01-22,2002/2003,Jan,30,0,0,1,0,1,2,4.875,7.538461538461538
2003-01-29,2002/2003,Jan,31,0,0,0,0,1,1,3.875,5.615384615384615
2003-02-05,2002/2003,Feb,32,0,0,1,0,1,2,3.25,4.153846153846154
2003-02-12,2002/2003,Feb,33,0,0,1,0,1,2,2.75,3.6153846153846154
2003-02-19,2002/2003,Feb,34,0,0,2,0,1,3,2.5,2.8461538461538463
2003-02-26,2002/2003,Feb,35,0,0,3,0,2,5,2.5,2.4615384615384617
2003-03-05,2002/2003,Mar,36,0,0,0,0,1,1,2.875,2.0
2003-03-12,2002/2003,Mar,37,0,0,1,0,3,4,2.625,1.8461538461538463
2003-03-19,2002/2003,Mar,38,0,0,0,0,2,2,2.375,1.8461538461538463
2003-03-26,2002/2003,Mar,39,0,0,1,0,3,4,2.0,1.7692307692307692
2003-04-02,2002/2003,Apr,40,0,0,0,0,0,0,1.375,1.6923076923076923
2003-04-09,2002/2003,Apr,41,0,0,0,0,0,0,1.375,1.5384615384615385
2003-04-16,2002/2003,Apr,42,0,0,0,0,0,0,1.0,1.2307692307692308
2003-04-23,2002/2003,Apr,43,0,0,0,0,0,0,0.875,1.3076923076923077
2003-04-30,2002/2003,Apr,44,0,0,0,0,1,1,0.5,1.2307692307692308
2003-05-07,2002/2003,May,45,0,0,1,0,0,1,0.625,1.3846153846153846
2003-05-14,2002/2003,May,46,0,0,1,0,0,1,0.875,1.5384615384615385
2003-05-21,2002/2003,May,47,0,0,1,0,0,1,1.25,1.6923076923076923
2003-05-28,2002/2003,May,48,0,0,1,0,0,1,1.75,1.8461538461538463
2003-06-04,2002/2003,Jun,49,0,0,1,0,1,2,2.375,2.230769230769231
2003-06-11,2002/2003,Jun,50,0,0,2,0,1,3,2.5,2.3076923076923075
2003-06-18,2002/2003,Jun,51,0,0,3,0,1,4,2.625,2.3076923076923075
2003-06-25,2002/2003,Jun,52,0,0,4,0,2,6,3.125,2.230769230769231
2003-07-02,2003/2004,Jul,1,0,0,1,0,1,2,3.125,2.1538461538461537
2003-07-09,2003/2004,Jul,2,0,0,2,0,0,2,3.0,2.076923076923077
2003-07-16,2003/2004,Jul,3,0,0,4,0,1,5,2.625,2.0
2003-07-23,2003/2004,Jul,4,0,0,0,0,1,1,2.125,2.0
2003-07-30,2003/2004,Jul,5,0,0,1,0,0,1,1.375,1.7692307692307692
2003-08-06,2003/2004,Aug,6,0,0,0,0,0,0,1.125,1.6923076923076923
2003-08-13,2003/2004,Aug,7,0,0,0,0,0,0,1.125,1.2307692307692308
2003-08-20,2003/2004,Aug,8,0,0,0,0,0,0,0.5,1.0769230769230769
2003-08-27,2003/2004,Aug,9,0,0,0,0,0,0,0.75,0.9230769230769231
2003-09-03,2003/2004,Sep,10,0,0,1,0,1,2,0.625,0.6923076923076923
2003-09-10,2003/2004,Sep,11,0,0,0,0,0,0,0.625,0.7692307692307693
2003-09-17,2003/2004,Sep,12,0,0,2,0,1,3,0.625,0.9230769230769231
2003-09-24,2003/2004,Sep,13,0,0,0,0,0,0,0.875,1.1538461538461537
2003-10-01,2003/2004,Oct,14,0,0,0,0,0,0,1.125,1.3846153846153846
2003-10-08,2003/2004,Oct,15,0,0,0,0,0,0,1.25,1.4615384615384615
2003-10-15,2003/2004,Oct,16,0,0,1,0,1,2,1.625,1.6153846153846154
2003-10-22,2003/2004,Oct,17,0,0,1,0,1,2,1.625,1.6923076923076923
2003-10-29,2003/2004,Oct,18,0,0,0,0,3,3,1.75,2.1538461538461537
2003-11-05,2003/2004,Nov,19,0,0,0,0,3,3,2.0,2.3076923076923075
2003-11-12,2003/2004,Nov,20,0,0,0,0,3,3,2.375,2.3846153846153846
2003-11-19,2003/2004,Nov,21,0,0,1,0,0,1,2.875,2.6923076923076925
2003-11-26,2003/2004,Nov,22,0,0,1,0,1,2,3.25,3.076923076923077
2003-12-03,2003/2004,Dec,23,0,0,2,0,1,3,3.0,3.5384615384615383
2003-12-10,2003/2004,Dec,24,0,0,4,0,2,6,3.125,3.769230769230769
2003-12-17,2003/2004,Dec,25,0,0,2,0,3,5,3.375,3.6923076923076925
2003-12-24,2003/2004,Dec,26,0,0,0,0,1,1,4.25,3.6923076923076925
2004-01-01,2003/2004,Jan,27,0,0,2,0,2,4,4.625,3.6923076923076925
2004-01-08,2003/2004,Jan,28,0,0,3,0,2,5,4.5,3.6923076923076925
2004-01-15,2003/2004,Jan,29,0,0,4,0,4,8,4.125,4.0
2004-01-22,2003/2004,Jan,30,0,0,2,0,3,5,3.875,4.076923076923077
2004-01-29,2003/2004,Jan,31,0,0,1,0,1,2,3.875,3.6923076923076925
2004-02-05,2003/2004,Feb,32,0,0,1,0,2,3,4.125,3.4615384615384617
2004-02-12,2003/2004,Feb,33,0,0,1,0,2,3,4.0,3.6153846153846154
2004-02-19,2003/2004,Feb,34,0,0,0,0,1,1,3.125,3.3846153846153846
2004-02-26,2003/2004,Feb,35,0,0,5,0,1,6,2.75,3.6153846153846154
2004-03-04,2003/2004,Mar,36,0,0,3,0,1,4,2.875,3.3076923076923075
2004-03-11,2003/2004,Mar,37,0,0,1,0,0,1,2.625,3.3846153846153846
2004-03-18,2003/2004,Mar,38,0,0,1,0,1,2,3.25,3.769230769230769
2004-03-25,2003/2004,Mar,39,0,0,2,0,1,3,3.625,3.923076923076923
2004-04-01,2003/2004,Apr,40,0,0,0,0,1,1,3.625,4.3076923076923075
2004-04-08,2003/2004,Apr,41,0,0,5,0,3,8,4.0,4.6923076923076925
2004-04-15,2003/2004,Apr,42,0,0,2,0,2,4,4.5,4.615384615384615
2004-04-22,2003/2004,Apr,43,0,0,4,0,2,6,5.25,4.769230769230769
2004-04-29,2003/2004,Apr,44,0,0,3,0,4,7,5.625,5.153846153846154
2004-05-06,2003/2004,May,45,0,0,3,0,2,5,6.125,6.0
2004-05-13,2003/2004,May,46,0,0,5,0,3,8,5.875,5.923076923076923
2004-05-20,2003/2004,May,47,0,0,5,0,1,6,6.125,6.615384615384615
2004-05-27,2003/2004,May,48,0,0,3,0,2,5,7.0,6.230769230769231
2004-06-03,2003/2004,Jun,49,0,0,2,0,4,6,6.375,6.846153846153846
2004-06-10,2003/2004,Jun,50,0,0,4,0,2,6,7.0,6.923076923076923
2004-06-17,2003/2004,Jun,51,0,0,9,0,4,13,6.375,6.846153846153846
2004-06-24,2003/2004,Jun,52,0,0,0,0,2,2,7.125,6.846153846153846
2004-07-01,2004/2005,Jul,1,0,0,6,0,4,10,7.375,6.6923076923076925
2004-07-08,2004/2005,Jul,2,0,0,2,0,1,3,7.375,6.6923076923076925
2004-07-15,2004/2005,Jul,3,0,0,6,0,6,12,7.25,6.769230769230769
2004-07-22,2004/2005,Jul,4,0,0,5,0,2,7,6.375,6.923076923076923
2004-07-29,2004/2005,Jul,5,0,0,5,0,1,6,6.875,6.923076923076923
2004-08-05,2004/2005,Aug,6,0,0,3,0,2,5,6.375,6.615384615384615
2004-08-12,2004/2005,Aug,7,0,0,4,0,2,6,7.0,7.384615384615385
2004-08-19,2004/2005,Aug,8,0,0,5,0,1,6,6.25,8.076923076923077
2004-08-26,2004/2005,Aug,9,0,0,4,0,2,6,6.5,8.461538461538462
2004-09-02,2004/2005,Sep,10,0,0,7,0,1,8,7.25,8.76923076923077
2004-09-09,2004/2005,Sep,11,0,0,4,0,2,6,9.0,9.846153846153847
2004-09-16,2004/2005,Sep,12,0,0,5,0,4,9,9.25,9.846153846153847
2004-09-23,2004/2005,Sep,13,0,0,7,0,5,12,10.5,11.153846153846153
2004-09-30,2004/2005,Sep,14,0,0,11,0,8,19,12.375,13.538461538461538
2004-10-07,2004/2005,Oct,15,0,0,4,0,4,8,12.125,15.615384615384615
2004-10-14,2004/2005,Oct,16,0,0,12,0,4,16,14.125,16.53846153846154
2004-10-21,2004/2005,Oct,17,0,0,15,0,6,21,17.625,22.307692307692307
2004-10-28,2004/2005,Oct,18,0,0,5,0,1,6,20.25,30.76923076923077
2004-11-04,2004/2005,Nov,19,0,0,15,0,7,22,20.125,32.53846153846154
2004-11-11,2004/2005,Nov,20,0,0,23,0,14,37,29.5,32.15384615384615
2004-11-18,2004/2005,Nov,21,0,0,28,0,5,33,42.0,31.384615384615383
2004-11-25,2004/2005,Nov,22,0,0,15,0,3,18,43.375,31.53846153846154
2004-12-02,2004/2005,Dec,23,0,0,54,0,29,83,43.5,30.692307692307693
2004-12-09,2004/2005,Dec,24,0,0,49,0,67,116,41.875,29.692307692307693
2004-12-16,2004/2005,Dec,25,0,0,29,0,3,32,38.5,29.76923076923077
2004-12-23,2004/2005,Dec,26,0,0,6,0,1,7,35.0,28.692307692307693
2005-01-01,2004/2005,Jan,27,0,0,8,0,1,9,33.75,26.692307692307693
2005-01-08,2004/2005,Jan,28,0,0,9,0,1,10,24.25,24.615384615384617
2005-01-15,2004/2005,Jan,29,0,0,2,0,3,5,10.75,23.76923076923077
2005-01-22,2004/2005,Jan,30,0,0,4,0,4,8,8.125,17.923076923076923
2005-01-29,2004/2005,Jan,31,0,0,6,0,1,7,8.0,10.076923076923077
2005-02-05,2004/2005,Feb,32,0,0,7,0,1,8,7.75,8.153846153846153
2005-02-12,2004/2005,Feb,33,0,0,6,0,5,11,7.375,8.307692307692308
2005-02-19,2004/2005,Feb,34,0,0,5,0,1,6,8.5,8.615384615384615
2005-02-26,2004/2005,Feb,35,0,0,5,0,2,7,8.375,9.076923076923077
2005-03-05,2004/2005,Mar,36,0,0,6,0,1,7,8.625,9.23076923076923
2005-03-12,2004/2005,Mar,37,0,0,13,0,1,14,9.25,9.307692307692308
2005-03-19,2004/2005,Mar,38,0,0,6,0,1,7,9.875,8.923076923076923
2005-03-26,2004/2005,Mar,39,0,0,4,0,5,9,10.0,9.307692307692308
2005-04-02,2004/2005,Apr,40,0,0,9,0,4,13,10.25,9.076923076923077
2005-04-09,2004/2005,Apr,41,0,0,12,0,4,16,9.625,8.846153846153847
2005-04-16,2004/2005,Apr,42,0,0,2,0,5,7,9.5,8.692307692307692
2005-04-23,2004/2005,Apr,43,0,0,4,0,5,9,9.625,8.461538461538462
2005-04-30,2004/2005,Apr,44,0,0,1,0,1,2,8.875,8.0
2005-05-07,2004/2005,May,45,0,0,6,0,7,13,7.875,7.615384615384615
2005-05-14,2004/2005,May,46,0,0,4,0,4,8,6.375,7.153846153846154
2005-05-21,2004/2005,May,47,0,0,2,0,1,3,6.5,6.538461538461538
2005-05-28,2004/2005,May,48,0,0,2,0,3,5,5.625,5.846153846153846
2005-06-04,2004/2005,Jun,49,0,0,3,0,1,4,5.75,5.538461538461538
2005-06-11,2004/2005,Jun,50,0,0,6,0,2,8,4.75,5.230769230769231
2005-06-18,2004/2005,Jun,51,0,0,1,0,1,2,4.625,5.538461538461538
2005-06-25,2004/2005,Jun,52,0,0,2,0,1,3,4.625,4.923076923076923
2005-07-02,2005/2006,Jul,1,0,0,2,0,3,5,4.625,4.6923076923076925
2005-07-09,2005/2006,Jul,2,0,0,4,0,3,7,4.875,4.769230769230769
2005-07-16,2005/2006,Jul,3,0,0,2,0,1,3,4.5,4.384615384615385
2005-07-23,2005/2006,Jul,4,0,0,5,0,0,5,4.875,4.076923076923077
2005-07-30,2005/2006,Jul,5,0,0,2,0,4,6,5.0,3.4615384615384617
2005-08-06,2005/2006,Aug,6,0,0,4,0,1,5,4.375,3.3076923076923075
2005-08-13,2005/2006,Aug,7,0,0,3,0,2,5,3.5,3.076923076923077
2005-08-20,2005/2006,Aug,8,0,0,1,0,3,4,3.125,2.8461538461538463
2005-08-27,2005/2006,Aug,9,0,0,0,0,0,0,2.5,2.6153846153846154
2005-09-03,2005/2006,Sep,10,0,0,0,0,0,0,1.75,2.6923076923076925
2005-09-10,2005/2006,Sep,11,0,0,0,0,0,0,1.375,2.5384615384615383
2005-09-17,2005/2006,Sep,12,0,0,0,0,0,0,1.25,2.3076923076923075
2005-09-24,2005/2006,Sep,13,0,0,0,0,0,0,1.25,2.3076923076923075
2005-10-01,2005/2006,Oct,14,0,0,1,0,1,2,1.625,2.3846153846153846
2005-10-08,2005/2006,Oct,15,0,0,2,0,2,4,2.0,3.1538461538461537
2005-10-15,2005/2006,Oct,16,0,0,2,0,2,4,2.625,3.3846153846153846
2005-10-22,2005/2006,Oct,17,0,0,0,0,3,3,3.375,3.923076923076923
2005-10-29,2005/2006,Oct,18,0,0,1,0,2,3,5.125,4.769230769230769
2005-11-05,2005/2006,Nov,19,0,0,3,0,2,5,5.25,4.923076923076923
2005-11-12,2005/2006,Nov,20,0,0,3,0,3,6,5.625,5.384615384615385
2005-11-19,2005/2006,Nov,21,1,0,8,0,5,14,6.5,5.846153846153846
2005-11-26,2005/2006,Nov,22,0,0,1,0,2,3,6.375,7.461538461538462
2005-12-03,2005/2006,Dec,23,1,0,4,0,2,7,6.75,8.76923076923077
2005-12-10,2005/2006,Dec,24,0,0,7,0,4,11,7.125,9.307692307692308
2005-12-17,2005/2006,Dec,25,0,0,1,0,1,2,9.5,11.23076923076923
2005-12-24,2005/2006,Dec,26,0,0,2,0,4,6,10.375,13.846153846153847
2006-01-01,2005/2006,Jan,27,0,0,5,0,3,8,11.25,14.923076923076923
2006-01-08,2005/2006,Jan,28,0,0,14,0,11,25,13.875,15.692307692307692
2006-01-15,2005/2006,Jan,29,0,0,15,0,6,21,17.375,17.615384615384617
2006-01-22,2005/2006,Jan,30,0,0,6,0,4,10,19.625,19.076923076923077
2006-01-29,2005/2006,Jan,31,0,0,21,0,7,28,21.875,18.846153846153847
2006-02-05,2005/2006,Feb,32,1,0,24,0,14,39,24.375,19.384615384615383
2006-02-12,2005/2006,Feb,33,0,0,9,0,11,20,24.5,19.846153846153847
2006-02-19,2005/2006,Feb,34,0,0,18,0,6,24,22.875,20.615384615384617
2006-02-26,2005/2006,Feb,35,0,0,24,0,4,28,22.75,19.384615384615383
2006-03-05,2005/2006,Mar,36,0,0,23,0,3,26,20.75,18.46153846153846
2006-03-12,2005/2006,Mar,37,0,0,7,0,1,8,18.125,18.153846153846153
2006-03-19,2005/2006,Mar,38,0,0,6,0,3,9,16.75,16.46153846153846
2006-03-26,2005/2006,Mar,39,0,0,8,0,4,12,14.875,14.076923076923077
2006-04-02,2005/2006,Apr,40,0,0,13,0,5,18,12.125,12.923076923076923
2006-04-09,2005/2006,Apr,41,0,0,6,0,3,9,9.625,11.615384615384615
2006-04-16,2005/2006,Apr,42,0,0,7,0,2,9,9.625,9.923076923076923
2006-04-23,2005/2006,Apr,43,0,0,5,0,1,6,9.125,8.307692307692308
2006-04-30,2005/2006,Apr,44,0,0,5,0,1,6,8.5,7.923076923076923
2006-05-07,2005/2006,May,45,0,0,6,0,2,8,7.0,7.3076923076923075
2006-05-14,2005/2006,May,46,0,0,4,0,1,5,6.5,6.384615384615385
2006-05-21,2005/2006,May,47,0,0,3,0,4,7,5.75,5.076923076923077
2006-05-28,2005/2006,May,48,0,0,5,0,1,6,5.125,4.538461538461538
2006-06-04,2005/2006,Jun,49,0,0,2,0,3,5,4.375,4.076923076923077
2006-06-11,2005/2006,Jun,50,0,0,1,0,2,3,3.5,3.769230769230769
2006-06-18,2005/2006,Jun,51,0,0,0,0,1,1,3.125,3.4615384615384617
2006-06-25,2005/2006,Jun,52,0,0,0,0,0,0,2.625,3.0
2006-07-02,2006/2007,Jul,1,0,0,0,0,1,1,2.125,2.769230769230769
2006-07-09,2006/2007,Jul,2,0,0,1,0,1,2,1.75,2.3846153846153846
2006-07-16,2006/2007,Jul,3,0,0,2,0,1,3,1.625,2.230769230769231
2006-07-23,2006/2007,Jul,4,0,0,1,0,1,2,1.75,1.8461538461538463
2006-07-30,2006/2007,Jul,5,0,0,1,0,1,2,2.0,2.076923076923077
2006-08-06,2006/2007,Aug,6,0,0,1,0,1,2,2.375,2.230769230769231
2006-08-13,2006/2007,Aug,7,0,0,1,0,1,2,2.125,2.3846153846153846
2006-08-20,2006/2007,Aug,8,0,0,1,0,1,2,2.5,2.769230769230769
2006-08-27,2006/2007,Aug,9,0,0,3,0,1,4,2.625,2.769230769230769
2006-09-03,2006/2007,Sep,10,0,0,0,0,0,0,2.625,3.076923076923077
2006-09-10,2006/2007,Sep,11,0,0,5,0,1,6,3.125,3.230769230769231
2006-09-17,2006/2007,Sep,12,0,0,2,0,1,3,3.125,3.5384615384615383
2006-09-24,2006/2007,Sep,13,0,0,1,0,1,2,3.75,3.8461538461538463
2006-10-01,2006/2007,Oct,14,0,0,4,0,2,6,3.75,3.8461538461538463
2006-10-08,2006/2007,Oct,15,0,0,1,0,1,2,4.5,4.6923076923076925
2006-10-15,2006/2007,Oct,16,0,0,5,0,2,7,4.5,5.153846153846154
2006-10-22,2006/2007,Oct,17,0,0,4,0,0,4,4.375,5.538461538461538
2006-10-29,2006/2007,Oct,18,0,0,3,0,3,6,5.75,5.230769230769231
2006-11-05,2006/2007,Nov,19,0,0,4,0,2,6,6.25,5.0
2006-11-12,2006/2007,Nov,20,0,0,1,0,1,2,6.625,4.923076923076923
2006-11-19,2006/2007,Nov,21,0,0,11,0,2,13,6.0,4.461538461538462
2006-11-26,2006/2007,Nov,22,0,0,8,0,2,10,5.5,5.384615384615385
2006-12-03,2006/2007,Dec,23,0,0,4,0,1,5,4.875,5.3076923076923075
2006-12-10,2006/2007,Dec,24,0,0,1,0,1,2,4.125,5.769230769230769
2006-12-17,2006/2007,Dec,25,0,0,0,0,0,0,5.625,5.6923076923076925
2006-12-24,2006/2007,Dec,26,0,0,0,0,1,1,4.75,6.153846153846154
2007-01-01,2006/2007,Jan,27,0,0,0,0,0,0,4.75,6.6923076923076925
2007-01-08,2006/2007,Jan,28,0,0,11,0,3,14,4.75,6.076923076923077
2007-01-15,2006/2007,Jan,29,0,0,5,0,1,6,6.0,6.153846153846154
2007-01-22,2006/2007,Jan,30,0,0,9,0,1,10,7.125,5.923076923076923
2007-01-29,2006/2007,Jan,31,0,0,4,0,1,5,7.625,6.230769230769231
2007-02-05,2006/2007,Feb,32,0,0,11,0,1,12,9.0,6.769230769230769
2007-02-12,2006/2007,Feb,33,0,0,8,0,1,9,7.5,7.153846153846154
2007-02-19,2006/2007,Feb,34,0,0,4,0,1,5,7.5,7.538461538461538
2007-02-26,2006/2007,Feb,35,0,0,9,0,2,11,7.125,7.153846153846154
2007-03-05,2006/2007,Mar,36,0,0,1,0,1,2,7.25,7.076923076923077
2007-03-12,2006/2007,Mar,37,0,0,6,0,0,6,6.375,6.923076923076923
2007-03-19,2006/2007,Mar,38,0,0,5,0,2,7,6.375,6.769230769230769
2007-03-26,2006/2007,Mar,39,0,0,5,0,1,6,6.375,6.153846153846154
2007-04-02,2006/2007,Apr,40,0,0,3,0,2,5,6.0,6.3076923076923075
2007-04-09,2006/2007,Apr,41,0,0,4,0,5,9,6.125,6.3076923076923075
2007-04-16,2006/2007,Apr,42,0,0,4,0,1,5,5.875,6.076923076923077
2007-04-23,2006/2007,Apr,43,0,0,5,0,3,8,6.375,6.230769230769231
2007-04-30,2006/2007,Apr,44,0,0,2,0,1,3,6.25,6.0
2007-05-07,2006/2007,May,45,0,0,3,0,1,4,6.625,5.538461538461538
2007-05-14,2006/2007,May,46,0,0,4,0,7,11,6.0,5.230769230769231
2007-05-21,2006/2007,May,47,0,0,4,0,1,5,5.75,5.076923076923077
2007-05-28,2006/2007,May,48,0,0,6,0,2,8,4.875,4.6923076923076925
2007-06-04,2006/2007,Jun,49,0,0,3,0,1,4,4.75,4.384615384615385
2007-06-11,2006/2007,Jun,50,0,0,2,0,1,3,4.625,4.384615384615385
2007-06-18,2006/2007,Jun,51,0,0,0,0,1,1,3.75,4.538461538461538
2007-06-25,2006/2007,Jun,52,0,0,2,0,0,2,3.25,4.461538461538462
2007-07-02,2007/2008,Jul,1,0,0,1,0,2,3,3.25,3.769230769230769
2007-07-09,2007/2008,Jul,2,0,0,3,0,1,4,3.375,3.923076923076923
2007-07-16,2007/2008,Jul,3,0,0,0,0,1,1,3.375,3.3846153846153846
2007-07-23,2007/2008,Jul,4,0,0,5,0,3,8,3.5,3.5384615384615383
2007-07-30,2007/2008,Jul,5,0,0,3,0,2,5,4.125,3.8461538461538463
2007-08-06,2007/2008,Aug,6,0,0,1,0,2,3,3.875,4.153846153846154
2007-08-13,2007/2008,Aug,7,0,0,1,0,1,2,4.125,4.153846153846154
2007-08-20,2007/2008,Aug,8,0,0,4,0,3,7,4.875,4.384615384615385
2007-08-27,2007/2008,Aug,9,0,0,0,0,1,1,4.5,4.923076923076923
2007-09-03,2007/2008,Sep,10,0,0,5,0,1,6,4.125,5.3076923076923075
2007-09-10,2007/2008,Sep,11,0,0,7,0,0,7,4.5,4.923076923076923
2007-09-17,2007/2008,Sep,12,0,0,5,0,0,5,5.625,5.384615384615385
2007-09-24,2007/2008,Sep,13,0,0,2,0,0,2,5.5,6.0
2007-10-01,2007/2008,Oct,14,0,0,5,0,1,6,5.75,6.230769230769231
2007-10-08,2007/2008,Oct,15,0,0,6,0,5,11,6.375,6.0
2007-10-15,2007/2008,Oct,16,0,0,5,0,1,6,6.875,6.615384615384615
2007-10-22,2007/2008,Oct,17,0,0,2,0,1,3,6.875,7.923076923076923
2007-10-29,2007/2008,Oct,18,0,0,11,0,0,11,7.125,9.538461538461538
2007-11-05,2007/2008,Nov,19,0,0,10,0,1,11,7.5,11.153846153846153
2007-11-12,2007/2008,Nov,20,0,0,4,0,1,5,9.0,11.538461538461538
2007-11-19,2007/2008,Nov,21,0,0,3,0,1,4,11.75,13.307692307692308
2007-11-26,2007/2008,Nov,22,0,0,8,0,1,9,14.625,16.923076923076923
2007-12-03,2007/2008,Dec,23,0,0,20,0,3,23,14.125,18.46153846153846
2007-12-10,2007/2008,Dec,24,0,0,26,0,2,28,16.375,21.153846153846153
2007-12-17,2007/2008,Dec,25,0,0,24,0,2,26,23.0,23.0
2007-12-24,2007/2008,Dec,26,0,0,6,0,1,7,25.75,25.0
2008-01-01,2007/2008,Jan,27,0,0,22,0,7,29,29.375,26.153846153846153
2008-01-08,2007/2008,Jan,28,0,0,46,0,12,58,30.875,28.076923076923077
2008-01-15,2007/2008,Jan,29,0,0,21,0,5,26,32.0,29.307692307692307
2008-01-22,2007/2008,Jan,30,0,0,32,0,6,38,31.25,29.307692307692307
2008-01-29,2007/2008,Jan,31,0,0,31,0,4,35,34.0,27.846153846153847
2008-02-05,2007/2008,Feb,32,0,0,34,0,3,37,33.5,26.076923076923077
2008-02-12,2007/2008,Feb,33,0,0,18,0,2,20,29.125,26.0
2008-02-19,2007/2008,Feb,34,0,0,25,1,3,29,27.0,24.23076923076923
2008-02-26,2007/2008,Feb,35,0,0,20,0,5,25,22.625,20.0
2008-03-04,2007/2008,Mar,36,0,0,18,1,4,23,19.0,18.076923076923077
2008-03-11,2007/2008,Mar,37,0,0,8,0,1,9,15.125,15.384615384615385
2008-03-18,2007/2008,Mar,38,0,0,2,0,1,3,13.0,12.76923076923077
2008-03-25,2007/2008,Mar,39,0,0,4,0,2,6,9.5,10.0
2008-04-01,2007/2008,Apr,40,0,0,5,0,1,6,6.75,8.461538461538462
2008-04-08,2007/2008,Apr,41,0,0,2,1,0,3,4.0,6.384615384615385
2008-04-15,2007/2008,Apr,42,0,0,0,0,1,1,3.0,4.538461538461538
2008-04-22,2007/2008,Apr,43,0,0,2,0,1,3,2.625,2.8461538461538463
2008-04-29,2007/2008,Apr,44,0,0,0,0,1,1,2.125,2.1538461538461537
2008-05-06,2007/2008,May,45,0,0,1,0,0,1,1.5,1.9230769230769231
2008-05-13,2007/2008,May,46,0,0,0,0,0,0,1.25,1.5384615384615385
2008-05-20,2007/2008,May,47,0,0,0,0,2,2,1.125,1.0769230769230769
2008-05-27,2007/2008,May,48,0,0,1,0,0,1,0.75,1.0769230769230769
2008-06-03,2007/2008,Jun,49,0,0,0,0,1,1,0.75,1.2307692307692308
2008-06-10,2007/2008,Jun,50,0,0,0,0,0,0,0.625,1.0769230769230769
2008-06-17,2007/2008,Jun,51,0,0,0,0,0,0,1.0,1.3846153846153846
2008-06-24,2007/2008,Jun,52,0,0,0,1,0,1,1.125,1.4615384615384615
2008-07-01,2008/2009,Jul,1,0,0,0,0,0,0,1.125,1.8461538461538463
2008-07-08,2008/2009,Jul,2,0,0,1,0,2,3,1.625,2.076923076923077
2008-07-15,2008/2009,Jul,3,0,0,0,1,2,3,1.875,2.3846153846153846
2008-07-22,2008/2009,Jul,4,0,0,0,0,1,1,2.5,3.0
2008-07-29,2008/2009,Jul,5,0,0,2,1,2,5,3.0,4.3076923076923075
2008-08-05,2008/2009,Aug,6,0,0,0,0,2,2,3.625,5.769230769230769
2008-08-12,2008/2009,Aug,7,0,0,1,2,2,5,4.375,7.615384615384615
2008-08-19,2008/2009,Aug,8,0,0,0,4,1,5,6.125,11.076923076923077
2008-08-26,2008/2009,Aug,9,0,0,1,2,2,5,8.375,13.461538461538462
2008-09-02,2008/2009,Sep,10,0,0,0,7,2,9,10.875,18.076923076923077
2008-09-09,2008/2009,Sep,11,0,0,3,11,3,17,16.25,21.384615384615383
2008-09-16,2008/2009,Sep,12,0,0,1,14,4,19,19.875,24.846153846153847
2008-09-23,2008/2009,Sep,13,0,0,4,15,6,25,27.125,27.384615384615383
2008-09-30,2008/2009,Sep,14,0,0,1,30,14,45,32.0,28.23076923076923
2008-10-07,2008/2009,Oct,15,0,0,1,23,10,34,37.125,29.076923076923077
2008-10-14,2008/2009,Oct,16,0,0,0,43,20,63,39.375,29.692307692307693
2008-10-21,2008/2009,Oct,17,0,0,2,37,5,44,39.0,29.692307692307693
2008-10-28,2008/2009,Oct,18,0,0,2,41,7,50,37.875,29.53846153846154
2008-11-04,2008/2009,Nov,19,0,0,0,23,12,35,33.875,28.384615384615383
2008-11-11,2008/2009,Nov,20,0,0,0,14,2,16,30.75,26.46153846153846
2008-11-18,2008/2009,Nov,21,0,0,0,13,3,16,24.75,23.076923076923077
2008-11-25,2008/2009,Nov,22,0,0,0,10,3,13,19.75,21.23076923076923
2008-12-02,2008/2009,Dec,23,0,0,0,4,5,9,13.5,17.23076923076923
2008-12-09,2008/2009,Dec,24,0,0,0,13,2,15,9.25,16.076923076923077
2008-12-16,2008/2009,Dec,25,0,0,0,3,1,4,8.5,14.923076923076923
2008-12-23,2008/2009,Dec,26,0,0,0,0,0,0,7.875,14.538461538461538
2009-01-01,2008/2009,Jan,27,0,0,0,1,0,1,9.875,14.846153846153847
2009-01-08,2008/2009,Jan,28,0,0,0,9,1,10,13.125,15.23076923076923
2009-01-15,2008/2009,Jan,29,0,0,0,10,1,11,15.0,15.153846153846153
2009-01-22,2008/2009,Jan,30,0,0,0,23,6,29,17.0,15.153846153846153
2009-01-29,2008/2009,Jan,31,0,0,0,30,5,35,19.625,14.846153846153847
2009-02-05,2008/2009,Feb,32,0,0,0,24,6,30,21.0,15.23076923076923
2009-02-12,2008/2009,Feb,33,0,0,0,18,2,20,20.875,15.615384615384615
2009-02-19,2008/2009,Feb,34,0,0,0,16,5,21,20.875,16.384615384615383
2009-02-26,2008/2009,Feb,35,0,0,0,9,3,12,18.375,15.846153846153847
2009-03-05,2008/2009,Mar,36,0,0,0,3,6,9,14.625,15.384615384615385
2009-03-12,2008/2009,Mar,37,0,0,0,8,3,11,12.25,13.538461538461538
2009-03-19,2008/2009,Mar,38,0,0,0,9,0,9,10.125,11.153846153846153
2009-03-26,2008/2009,Mar,39,0,0,0,4,1,5,8.125,9.153846153846153
2009-04-02,2008/2009,Apr,40,0,0,1,6,4,11,7.25,7.6923076923076925
2009-04-09,2008/2009,Apr,41,0,0,0,2,1,3,6.625,6.076923076923077
2009-04-16,2008/2009,Apr,42,0,0,1,4,0,5,5.75,5.3076923076923075
2009-04-23,2008/2009,Apr,43,0,0,0,3,2,5,4.75,4.846153846153846
2009-04-30,2008/2009,Apr,44,0,0,0,2,2,4,4.125,4.230769230769231
2009-05-07,2008/2009,May,45,0,0,0,4,0,4,3.0,3.923076923076923
2009-05-14,2008/2009,May,46,0,0,0,0,1,1,3.0,3.6923076923076925
2009-05-21,2008/2009,May,47,0,0,0,0,0,0,2.75,
2009-05-28,2008/2009,May,48,0,0,0,1,1,2,2.75,
2009-06-04,2008/2009,Jun,49,0,0,0,1,2,3,2.5,
2009-06-11,2008/2009,Jun,50,0,0,0,2,1,3,,
2009-06-18,2008/2009,Jun,51,0,0,0,3,2,5,,
2009-06-25,2008/2009,Jun,52,0,0,0,1,1,2,,
