week_start_date,season,month,season_week,denv1_cases,denv2_cases,denv3_cases,denv4_cases,other_positive_cases,additional_cases,total_cases,8_wk_rolling_mean,13_wk_rolling_mean
1990-04-30,1990/1991,Apr,1,0,0,0,0,4,0,4,,
1990-05-07,1990/1991,May,2,0,0,0,0,5,0,5,,
1990-05-14,1990/1991,May,3,0,0,0,0,4,0,4,,
1990-05-21,1990/1991,May,4,0,0,0,0,3,0,3,,
1990-05-28,1990/1991,May,5,0,0,0,0,6,0,6,4.125,
1990-06-04,1990/1991,Jun,6,1,0,0,0,1,0,2,4.875,
1990-06-11,1990/1991,Jun,7,0,0,0,0,4,0,4,5.0,5.0
1990-06-18,1990/1991,Jun,8,0,0,0,0,5,0,5,5.5,6.0
1990-06-25,1990/1991,Jun,9,2,0,0,0,8,0,10,5.375,7.384615384615385
1990-07-02,1990/1991,Jul,10,0,0,0,1,5,0,6,5.375,8.076923076923077
1990-07-09,1990/1991,Jul,11,0,0,0,0,8,0,8,7.25,9.461538461538462
1990-07-16,1990/1991,Jul,12,0,0,0,0,2,0,2,9.625,11.153846153846153
1990-07-23,1990/1991,Jul,13,0,2,0,0,4,0,6,10.625,12.846153846153847
1990-07-30,1990/1991,Jul,14,0,1,0,1,15,0,17,12.0,14.076923076923077
1990-08-06,1990/1991,Aug,15,1,1,0,0,21,0,23,14.75,16.76923076923077
1990-08-13,1990/1991,Aug,16,0,1,0,1,11,0,13,16.75,18.076923076923077
1990-08-20,1990/1991,Aug,17,0,0,0,1,20,0,21,19.0,20.846153846153847
1990-08-27,1990/1991,Aug,18,0,3,0,0,25,0,28,23.25,22.76923076923077
1990-09-03,1990/1991,Sep,19,1,2,0,3,18,0,24,24.5,25.923076923076923
1990-09-10,1990/1991,Sep,20,0,1,0,0,19,0,20,26.875,28.307692307692307
1990-09-17,1990/1991,Sep,21,0,4,0,0,36,0,40,29.375,31.384615384615383
1990-09-24,1990/1991,Sep,22,0,1,0,1,25,0,27,32.125,35.07692307692308
1990-10-01,1990/1991,Oct,23,0,3,0,4,35,0,42,33.25,37.46153846153846
1990-10-08,1990/1991,Oct,24,0,2,0,0,31,0,33,37.375,40.15384615384615
1990-10-15,1990/1991,Oct,25,0,3,0,0,40,0,43,43.75,42.07692307692308
1990-10-22,1990/1991,Oct,26,1,2,0,1,33,0,37,44.25,44.23076923076923
1990-10-29,1990/1991,Oct,27,0,4,0,1,52,0,57,47.875,46.30769230769231
1990-11-05,1990/1991,Nov,28,0,1,0,3,67,0,71,49.25,45.23076923076923
1990-11-12,1990/1991,Nov,29,0,0,0,1,43,0,44,51.625,45.23076923076923
1990-11-19,1990/1991,Nov,30,0,0,0,0,56,0,56,52.125,43.61538461538461
1990-11-26,1990/1991,Nov,31,0,0,0,3,49,1,53,50.75,42.69230769230769
1990-12-03,1990/1991,Dec,32,2,2,0,1,47,0,52,47.0,41.38461538461539
1990-12-10,1990/1991,Dec,33,1,3,0,5,38,0,47,40.75,41.15384615384615
1990-12-17,1990/1991,Dec,34,0,3,0,1,22,0,26,37.875,39.61538461538461
1990-12-24,1990/1991,Dec,35,0,2,0,0,25,0,27,34.125,35.46153846153846
1991-01-01,1990/1991,Jan,36,0,2,0,1,18,0,21,31.75,33.53846153846154
1991-01-08,1990/1991,Jan,37,0,1,0,3,17,0,21,29.875,31.153846153846153
1991-01-15,1990/1991,Jan,38,0,0,0,1,25,0,26,26.125,28.46153846153846
1991-01-22,1990/1991,Jan,39,0,0,0,0,34,0,34,25.25,26.076923076923077
1991-01-29,1990/1991,Jan,40,0,3,0,0,34,0,37,25.0,23.76923076923077
1991-02-05,1990/1991,Feb,41,0,0,0,2,15,0,17,24.625,23.076923076923077
1991-02-12,1990/1991,Feb,42,1,1,0,0,17,0,19,24.625,22.23076923076923
1991-02-19,1990/1991,Feb,43,1,3,0,0,21,0,25,23.5,21.846153846153847
1991-02-26,1990/1991,Feb,44,0,0,0,1,17,0,18,21.375,21.384615384615383
1991-03-05,1990/1991,Mar,45,1,1,0,1,18,0,21,18.75,21.153846153846153
1991-03-12,1990/1991,Mar,46,0,0,0,0,17,0,17,18.625,19.76923076923077
1991-03-19,1990/1991,Mar,47,0,0,0,0,17,0,17,18.125,18.23076923076923
1991-03-26,1990/1991,Mar,48,1,2,0,1,12,0,16,17.875,17.846153846153847
1991-04-02,1990/1991,Apr,49,0,2,0,1,13,0,16,17.625,17.692307692307693
1991-04-09,1990/1991,Apr,50,0,0,0,1,14,0,15,17.125,16.53846153846154
1991-04-16,1990/1991,Apr,51,1,0,0,0,22,0,23,16.5,16.307692307692307
1991-04-23,1990/1991,Apr,52,0,2,0,0,14,0,16,16.5,16.153846153846153
1991-04-30,1991/1992,Apr,1,0,1,0,0,16,0,17,15.75,16.46153846153846
1991-05-07,1991/1992,May,2,0,0,0,0,12,0,12,15.625,16.23076923076923
1991-05-14,1991/1992,May,3,1,2,0,0,14,0,17,16.125,16.384615384615383
1991-05-21,1991/1992,May,4,0,2,0,0,8,0,10,15.875,16.153846153846153
1991-05-28,1991/1992,May,5,0,1,0,0,14,0,15,15.625,16.076923076923077
1991-06-04,1991/1992,Jun,6,2,1,0,1,15,0,19,15.75,15.692307692307692
1991-06-11,1991/1992,Jun,7,0,2,0,4,15,0,21,15.875,16.23076923076923
1991-06-18,1991/1992,Jun,8,0,2,0,2,10,0,14,15.5,16.846153846153847
1991-06-25,1991/1992,Jun,9,4,0,0,1,13,0,18,16.5,20.692307692307693
1991-07-02,1991/1992,Jul,10,0,0,0,4,9,0,13,17.5,24.0
1991-07-09,1991/1992,Jul,11,0,0,0,1,13,0,14,18.25,29.076923076923077
1991-07-16,1991/1992,Jul,12,0,0,0,0,17,1,18,23.375,33.0
1991-07-23,1991/1992,Jul,13,0,0,0,0,23,0,23,29.125,36.46153846153846
1991-07-30,1991/1992,Jul,14,0,1,0,1,23,0,25,36.375,40.07692307692308
1991-08-06,1991/1992,Aug,15,8,3,0,1,50,0,62,43.0,45.84615384615385
1991-08-13,1991/1992,Aug,16,3,4,0,0,53,0,60,49.25,51.53846153846154
1991-08-20,1991/1992,Aug,17,6,9,0,1,60,0,76,55.5,61.30769230769231
1991-08-27,1991/1992,Aug,18,7,0,0,4,55,0,66,63.75,69.15384615384616
1991-09-03,1991/1992,Sep,19,5,4,0,0,55,0,64,72.125,78.6923076923077
1991-09-10,1991/1992,Sep,20,1,2,0,2,63,0,68,81.875,86.84615384615384
1991-09-17,1991/1992,Sep,21,1,2,0,0,86,0,89,88.875,95.6923076923077
1991-09-24,1991/1992,Sep,22,7,6,0,1,78,0,92,97.125,101.6923076923077
1991-10-01,1991/1992,Oct,23,1,8,0,2,129,0,140,105.0,106.84615384615384
1991-10-08,1991/1992,Oct,24,0,4,0,0,110,2,116,114.5,110.92307692307692
1991-10-15,1991/1992,Oct,25,7,4,0,4,127,0,142,123.5,118.84615384615384
1991-10-22,1991/1992,Oct,26,14,3,0,2,108,2,129,128.25,124.76923076923077
1991-10-29,1991/1992,Oct,27,6,3,0,4,126,1,140,132.875,127.84615384615384
1991-11-05,1991/1992,Nov,28,10,1,0,3,126,0,140,136.5,127.0
1991-11-12,1991/1992,Nov,29,5,6,0,5,111,0,127,139.625,125.3076923076923
1991-11-19,1991/1992,Nov,30,8,5,0,4,111,1,129,135.375,120.76923076923077
1991-11-26,1991/1992,Nov,31,11,3,0,6,148,1,169,129.0,119.84615384615384
1991-12-03,1991/1992,Dec,32,3,3,0,3,131,1,141,120.25,115.84615384615384
1991-12-10,1991/1992,Dec,33,4,5,0,4,95,0,108,112.875,112.46153846153847
1991-12-17,1991/1992,Dec,34,1,2,0,2,69,4,78,110.0,105.92307692307692
1991-12-24,1991/1992,Dec,35,0,1,0,3,64,2,70,105.125,99.23076923076923
1992-01-01,1991/1992,Jan,36,0,1,0,1,63,16,81,94.625,94.46153846153847
1992-01-08,1991/1992,Jan,37,2,2,0,5,89,6,104,83.875,87.07692307692308
1992-01-15,1991/1992,Jan,38,4,2,0,1,79,4,90,77.0,77.0
1992-01-22,1991/1992,Jan,39,1,1,0,0,83,0,85,75.375,70.6923076923077
1992-01-29,1991/1992,Jan,40,0,0,0,2,51,2,55,70.75,65.46153846153847
1992-02-05,1991/1992,Feb,41,0,0,0,3,43,7,53,65.375,62.30769230769231
1992-02-12,1991/1992,Feb,42,2,2,0,1,54,6,65,59.75,59.15384615384615
1992-02-19,1991/1992,Feb,43,1,0,0,1,31,0,33,53.5,55.23076923076923
1992-02-26,1991/1992,Feb,44,3,2,0,1,32,0,38,47.5,49.53846153846154
1992-03-04,1991/1992,Mar,45,5,1,0,1,52,0,59,44.25,44.76923076923077
1992-03-11,1991/1992,Mar,46,3,1,0,3,33,0,40,41.375,40.0
1992-03-18,1991/1992,Mar,47,1,0,0,0,36,0,37,37.0,37.61538461538461
1992-03-25,1991/1992,Mar,48,2,0,0,1,26,0,29,36.375,35.76923076923077
1992-04-01,1991/1992,Apr,49,2,0,0,0,28,0,30,34.5,32.76923076923077
1992-04-08,1991/1992,Apr,50,1,2,0,0,27,0,30,30.125,32.0
1992-04-15,1991/1992,Apr,51,1,0,0,0,27,0,28,28.75,30.615384615384617
1992-04-22,1991/1992,Apr,52,2,0,0,0,21,0,23,27.375,27.53846153846154
1992-04-29,1992/1993,Apr,1,0,0,0,1,23,0,24,26.625,26.0
1992-05-06,1992/1993,May,2,2,2,0,0,25,0,29,25.375,25.153846153846153
1992-05-13,1992/1993,May,3,3,1,0,0,22,0,26,24.0,25.153846153846153
1992-05-20,1992/1993,May,4,1,0,0,1,21,0,23,23.0,25.23076923076923
1992-05-27,1992/1993,May,5,4,0,0,0,16,0,20,23.375,25.076923076923077
1992-06-03,1992/1993,Jun,6,0,0,0,0,19,0,19,24.0,24.923076923076923
1992-06-10,1992/1993,Jun,7,1,0,0,0,19,0,20,24.25,25.615384615384617
1992-06-17,1992/1993,Jun,8,3,0,0,2,21,0,26,24.5,26.46153846153846
1992-06-24,1992/1993,Jun,9,0,0,0,2,27,0,29,24.875,26.76923076923077
1992-07-01,1992/1993,Jul,10,2,0,0,1,28,0,31,26.375,27.076923076923077
1992-07-08,1992/1993,Jul,11,0,0,0,0,28,0,28,28.375,29.307692307692307
1992-07-15,1992/1993,Jul,12,0,0,0,0,26,0,26,30.0,32.30769230769231
1992-07-22,1992/1993,Jul,13,3,1,0,1,27,0,32,30.5,36.0
1992-07-29,1992/1993,Jul,14,2,3,0,3,25,2,35,33.375,39.46153846153846
1992-08-05,1992/1993,Aug,15,4,2,0,1,22,4,33,36.875,43.15384615384615
1992-08-12,1992/1993,Aug,16,2,0,0,1,21,6,30,41.75,46.30769230769231
1992-08-19,1992/1993,Aug,17,9,4,0,2,24,13,52,46.625,48.61538461538461
1992-08-26,1992/1993,Aug,18,7,5,0,0,34,13,59,51.875,50.53846153846154
1992-09-02,1992/1993,Sep,19,11,2,0,1,33,20,67,56.25,54.38461538461539
1992-09-09,1992/1993,Sep,20,8,2,0,4,37,14,65,59.75,56.61538461538461
1992-09-16,1992/1993,Sep,21,4,1,0,1,45,23,74,62.625,58.30769230769231
1992-09-23,1992/1993,Sep,22,6,4,0,0,40,20,70,65.625,59.15384615384615
1992-09-30,1992/1993,Sep,23,9,4,0,1,29,18,61,65.875,59.46153846153846
1992-10-07,1992/1993,Oct,24,4,2,0,1,31,15,53,64.625,59.07692307692308
1992-10-14,1992/1993,Oct,25,2,1,0,0,44,29,76,62.0,59.15384615384615
1992-10-21,1992/1993,Oct,26,0,1,0,0,27,33,61,57.0,58.61538461538461
1992-10-28,1992/1993,Oct,27,3,0,0,1,31,22,57,54.125,57.69230769230769
1992-11-04,1992/1993,Nov,28,7,2,0,0,22,13,44,54.0,54.76923076923077
1992-11-11,1992/1993,Nov,29,0,1,0,1,19,13,34,54.875,51.76923076923077
1992-11-18,1992/1993,Nov,30,0,1,0,0,23,23,47,52.0,49.38461538461539
1992-11-25,1992/1993,Nov,31,0,0,0,0,35,25,60,48.875,47.76923076923077
1992-12-02,1992/1993,Dec,32,0,0,0,1,35,24,60,45.625,44.07692307692308
1992-12-09,1992/1993,Dec,33,1,0,0,0,28,24,53,43.875,41.92307692307692
1992-12-16,1992/1993,Dec,34,0,1,0,1,22,12,36,43.625,40.07692307692308
1992-12-23,1992/1993,Dec,35,1,1,0,0,23,6,31,41.25,39.38461538461539
1993-01-01,1992/1993,Jan,36,3,0,0,0,23,4,30,37.875,38.46153846153846
1993-01-08,1992/1993,Jan,37,0,0,0,1,26,5,32,34.5,35.84615384615385
1993-01-15,1992/1993,Jan,38,0,1,0,0,27,0,28,32.25,32.23076923076923
1993-01-22,1992/1993,Jan,39,0,2,0,0,28,3,33,30.5,29.23076923076923
1993-01-29,1992/1993,Jan,40,4,3,0,0,24,2,33,28.25,26.46153846153846
1993-02-05,1992/1993,Feb,41,2,0,0,0,33,0,35,26.125,24.53846153846154
1993-02-12,1992/1993,Feb,42,0,0,0,1,21,0,22,24.75,22.76923076923077
1993-02-19,1992/1993,Feb,43,1,0,0,0,12,0,13,23.375,21.076923076923077
1993-02-26,1992/1993,Feb,44,2,0,0,0,11,0,13,20.625,19.076923076923077
1993-03-05,1992/1993,Mar,45,0,1,0,0,20,0,21,17.5,17.384615384615383
1993-03-12,1992/1993,Mar,46,2,1,0,0,14,0,17,14.125,15.384615384615385
1993-03-19,1992/1993,Mar,47,0,1,0,0,10,0,11,12.125,13.76923076923077
1993-03-26,1992/1993,Mar,48,2,0,0,0,6,0,8,11.25,12.384615384615385
1993-04-02,1992/1993,Apr,49,0,0,0,0,8,0,8,10.5,11.461538461538462
1993-04-09,1992/1993,Apr,50,0,0,0,1,5,0,6,9.375,11.23076923076923
1993-04-16,1992/1993,Apr,51,0,1,0,0,5,0,6,9.375,11.615384615384615
1993-04-23,1992/1993,Apr,52,1,0,0,0,6,0,7,9.25,11.461538461538462
1993-04-30,1993/1994,Apr,1,1,1,0,0,10,0,12,9.5,11.076923076923077
1993-05-07,1993/1994,May,2,1,1,0,0,15,0,17,10.75,11.923076923076923
1993-05-14,1993/1994,May,3,0,0,0,0,10,0,10,12.375,12.23076923076923
1993-05-21,1993/1994,May,4,0,0,0,1,9,0,10,13.125,13.23076923076923
1993-05-28,1993/1994,May,5,0,0,0,0,18,0,18,15.0,14.153846153846153
1993-06-04,1993/1994,Jun,6,0,0,0,0,18,1,19,15.0,14.923076923076923
1993-06-11,1993/1994,Jun,7,0,0,0,0,12,0,12,15.5,15.615384615384615
1993-06-18,1993/1994,Jun,8,0,2,0,0,18,2,22,16.5,16.384615384615383
1993-06-25,1993/1994,Jun,9,4,1,0,0,7,0,12,17.25,16.384615384615383
1993-07-02,1993/1994,Jul,10,0,1,0,0,20,0,21,17.0,17.53846153846154
1993-07-09,1993/1994,Jul,11,1,1,0,0,16,0,18,17.375,18.53846153846154
1993-07-16,1993/1994,Jul,12,0,3,0,1,12,0,16,18.0,18.076923076923077
1993-07-23,1993/1994,Jul,13,1,0,0,0,15,0,16,18.375,18.53846153846154
1993-07-30,1993/1994,Jul,14,2,1,0,1,18,0,22,19.75,19.76923076923077
1993-08-06,1993/1994,Aug,15,0,1,0,0,16,0,17,18.625,20.153846153846153
1993-08-13,1993/1994,Aug,16,1,1,0,1,22,0,25,19.5,20.615384615384617
1993-08-20,1993/1994,Aug,17,0,2,0,2,18,1,23,21.0,20.76923076923077
1993-08-27,1993/1994,Aug,18,1,1,0,1,9,0,12,22.375,21.153846153846153
1993-09-03,1993/1994,Sep,19,2,2,0,1,19,1,25,21.875,22.153846153846153
1993-09-10,1993/1994,Sep,20,0,1,0,0,27,0,28,22.625,23.846153846153847
1993-09-17,1993/1994,Sep,21,3,2,0,2,20,0,27,22.375,24.923076923076923
1993-09-24,1993/1994,Sep,22,1,1,0,0,16,0,18,23.125,26.923076923076923
1993-10-01,1993/1994,Oct,23,1,1,0,0,21,0,23,26.375,28.53846153846154
1993-10-08,1993/1994,Oct,24,1,3,0,0,18,1,23,27.75,29.153846153846153
1993-10-15,1993/1994,Oct,25,1,2,0,0,26,0,29,29.625,30.153846153846153
1993-10-22,1993/1994,Oct,26,4,6,0,0,27,1,38,32.0,31.307692307692307
1993-10-29,1993/1994,Oct,27,2,3,0,2,28,1,36,33.625,31.53846153846154
1993-11-05,1993/1994,Nov,28,6,7,0,3,27,0,43,33.875,32.38461538461539
1993-11-12,1993/1994,Nov,29,5,5,0,0,34,2,46,36.0,33.30769230769231
1993-11-19,1993/1994,Nov,30,6,5,0,0,18,2,31,36.25,33.23076923076923
1993-11-26,1993/1994,Nov,31,2,5,0,0,18,0,25,36.25,33.84615384615385
1993-12-03,1993/1994,Dec,32,7,4,0,2,22,5,40,35.5,33.61538461538461
1993-12-10,1993/1994,Dec,33,2,3,0,1,20,5,31,32.875,33.38461538461539
1993-12-17,1993/1994,Dec,34,1,2,0,0,32,3,38,31.0,33.38461538461539
1993-12-24,1993/1994,Dec,35,5,7,0,1,17,0,30,30.375,33.07692307692308
1994-01-01,1993/1994,Jan,36,2,3,0,0,17,0,22,31.625,31.46153846153846
1994-01-08,1993/1994,Jan,37,2,5,0,0,24,0,31,31.125,31.46153846153846
1994-01-15,1993/1994,Jan,38,3,4,0,0,19,0,26,32.125,32.38461538461539
1994-01-22,1993/1994,Jan,39,4,5,0,1,23,2,35,30.5,31.846153846153847
1994-01-29,1993/1994,Jan,40,3,9,0,1,21,2,36,30.625,31.384615384615383
1994-02-05,1993/1994,Feb,41,4,7,0,2,24,2,39,32.5,30.307692307692307
1994-02-12,1993/1994,Feb,42,6,5,0,1,13,0,25,32.75,29.384615384615383
1994-02-19,1993/1994,Feb,43,1,2,0,1,27,0,31,32.625,29.46153846153846
1994-02-26,1993/1994,Feb,44,3,5,0,2,27,0,37,31.25,28.076923076923077
1994-03-05,1993/1994,Mar,45,6,3,0,1,23,0,33,29.0,27.46153846153846
1994-03-12,1993/1994,Mar,46,4,3,0,1,17,0,25,27.0,25.846153846153847
1994-03-19,1993/1994,Mar,47,4,4,0,2,14,0,24,25.5,24.384615384615383
1994-03-26,1993/1994,Mar,48,0,1,0,0,17,0,18,23.875,23.076923076923077
1994-04-02,1993/1994,Apr,49,0,4,0,0,19,0,23,21.0,22.153846153846153
1994-04-09,1993/1994,Apr,50,0,2,0,0,11,0,13,19.0,21.615384615384617
1994-04-16,1993/1994,Apr,51,2,1,0,0,15,0,18,18.625,21.153846153846153
1994-04-23,1993/1994,Apr,52,1,3,0,0,10,0,14,17.25,21.23076923076923
1994-04-30,1994/1995,Apr,1,2,1,0,1,13,0,17,18.0,21.692307692307693
1994-05-07,1994/1995,May,2,2,4,0,0,16,0,22,19.0,22.23076923076923
1994-05-14,1994/1995,May,3,2,0,0,0,11,0,13,21.625,23.76923076923077
1994-05-21,1994/1995,May,4,2,3,0,2,17,0,24,23.25,25.76923076923077
1994-05-28,1994/1995,May,5,2,7,0,0,22,0,31,25.375,28.0
1994-06-04,1994/1995,Jun,6,3,5,0,2,23,1,34,28.0,30.384615384615383
1994-06-11,1994/1995,Jun,7,3,4,0,2,22,0,31,31.375,33.53846153846154
1994-06-18,1994/1995,Jun,8,4,2,0,3,21,1,31,35.0,38.38461538461539
1994-06-25,1994/1995,Jun,9,1,7,0,5,23,2,38,38.125,43.15384615384615
1994-07-02,1994/1995,Jul,10,2,4,0,2,40,1,49,41.125,47.69230769230769
1994-07-09,1994/1995,Jul,11,1,6,0,0,28,7,42,46.875,52.69230769230769
1994-07-16,1994/1995,Jul,12,0,7,0,2,33,7,49,53.5,59.15384615384615
1994-07-23,1994/1995,Jul,13,1,8,0,6,34,6,55,58.625,70.3076923076923
1994-07-30,1994/1995,Jul,14,4,18,0,1,46,11,80,65.0,83.46153846153847
1994-08-06,1994/1995,Aug,15,0,14,0,8,51,11,84,73.25,102.0
1994-08-13,1994/1995,Aug,16,3,10,0,3,49,7,72,90.375,122.3076923076923
1994-08-20,1994/1995,Aug,17,4,12,0,0,65,8,89,109.5,148.92307692307693
1994-08-27,1994/1995,Aug,18,2,12,0,3,64,34,115,136.625,178.46153846153845
1994-09-03,1994/1995,Sep,19,6,10,0,4,91,68,179,164.375,210.15384615384616
1994-09-10,1994/1995,Sep,20,1,14,0,3,59,125,202,203.25,235.23076923076923
1994-09-17,1994/1995,Sep,21,2,6,0,3,96,165,272,247.5,254.69230769230768
1994-09-24,1994/1995,Sep,22,9,14,0,6,90,183,302,294.0,275.38461538461536
1994-10-01,1994/1995,Oct,23,0,12,0,2,120,261,395,327.25,301.38461538461536
1994-10-08,1994/1995,Oct,24,2,24,0,7,137,256,426,346.5,322.53846153846155
1994-10-15,1994/1995,Oct,25,3,16,0,4,148,290,461,365.375,341.3076923076923
1994-10-22,1994/1995,Oct,26,6,13,0,1,111,250,381,382.625,349.6923076923077
1994-10-29,1994/1995,Oct,27,2,10,0,3,82,236,333,390.375,351.15384615384613
1994-11-05,1994/1995,Nov,28,2,12,0,1,73,265,353,385.875,341.6923076923077
1994-11-12,1994/1995,Nov,29,3,5,0,1,64,337,410,368.625,327.0769230769231
1994-11-19,1994/1995,Nov,30,2,1,0,1,114,246,364,338.625,308.53846153846155
1994-11-26,1994/1995,Nov,31,3,4,0,1,112,239,359,309.625,282.7692307692308
1994-12-03,1994/1995,Dec,32,2,8,0,6,78,194,288,282.0,252.84615384615384
1994-12-10,1994/1995,Dec,33,1,6,0,2,81,131,221,257.125,227.84615384615384
1994-12-17,1994/1995,Dec,34,4,9,0,0,48,88,149,217.25,205.76923076923077
1994-12-24,1994/1995,Dec,35,3,7,0,3,41,58,112,180.75,181.46153846153845
1995-01-01,1994/1995,Jan,36,3,6,0,1,65,79,154,142.875,151.92307692307693
1995-01-08,1994/1995,Jan,37,0,9,0,0,40,42,91,112.625,125.23076923076923
1995-01-15,1994/1995,Jan,38,1,3,0,2,51,15,72,89.625,98.92307692307692
1995-01-22,1994/1995,Jan,39,3,5,0,2,41,5,56,74.25,78.3076923076923
1995-01-29,1994/1995,Jan,40,5,2,0,3,26,10,46,62.375,62.15384615384615
1995-02-05,1994/1995,Feb,41,0,0,0,0,31,6,37,45.25,51.23076923076923
1995-02-12,1994/1995,Feb,42,0,0,0,1,20,5,26,36.375,43.84615384615385
1995-02-19,1994/1995,Feb,43,0,1,0,0,16,0,17,28.75,33.07692307692308
1995-02-26,1994/1995,Feb,44,0,0,0,1,15,1,17,22.625,27.307692307692307
1995-03-05,1994/1995,Mar,45,0,1,0,0,16,3,20,18.875,22.153846153846153
1995-03-12,1994/1995,Mar,46,1,0,0,0,10,0,11,16.0,18.0
1995-03-19,1994/1995,Mar,47,1,0,0,0,6,0,7,14.75,14.923076923076923
1995-03-26,1994/1995,Mar,48,2,0,0,1,13,0,16,13.25,12.461538461538462
1995-04-02,1994/1995,Apr,49,2,0,0,1,10,1,14,11.375,10.76923076923077
1995-04-09,1994/1995,Apr,50,1,3,0,1,11,0,16,9.625,9.692307692307692
1995-04-16,1994/1995,Apr,51,1,0,0,0,4,0,5,8.875,8.692307692307692
1995-04-23,1994/1995,Apr,52,0,0,0,0,2,0,2,8.5,8.384615384615385
1995-04-30,1995/1996,Apr,1,0,0,0,0,6,0,6,6.875,8.153846153846153
1995-05-07,1995/1996,May,2,0,1,0,0,4,0,5,5.625,8.153846153846153
1995-05-14,1995/1996,May,3,0,0,0,1,3,0,4,5.625,7.6923076923076925
1995-05-21,1995/1996,May,4,0,0,0,0,3,0,3,6.0,7.6923076923076925
1995-05-28,1995/1996,May,5,0,0,0,0,4,0,4,6.625,7.0
1995-06-04,1995/1996,Jun,6,2,1,0,1,12,0,16,7.125,7.3076923076923075
1995-06-11,1995/1996,Jun,7,1,0,0,1,6,0,8,8.25,8.0
1995-06-18,1995/1996,Jun,8,0,0,0,0,6,1,7,8.625,9.307692307692308
1995-06-25,1995/1996,Jun,9,1,0,0,1,7,1,10,9.375,10.23076923076923
1995-07-02,1995/1996,Jul,10,1,0,0,0,11,2,14,10.25,11.384615384615385
1995-07-09,1995/1996,Jul,11,0,0,0,1,6,0,7,11.125,13.0
1995-07-16,1995/1996,Jul,12,1,1,0,1,5,1,9,12.25,14.0
1995-07-23,1995/1996,Jul,13,0,0,0,0,10,1,11,13.75,14.923076923076923
1995-07-30,1995/1996,Jul,14,1,4,0,0,15,3,23,15.5,17.384615384615383
1995-08-06,1995/1996,Aug,15,0,2,0,1,11,3,17,15.875,19.384615384615383
1995-08-13,1995/1996,Aug,16,0,0,0,1,17,1,19,18.5,21.0
1995-08-20,1995/1996,Aug,17,0,1,0,1,18,4,24,22.375,22.46153846153846
1995-08-27,1995/1996,Aug,18,0,1,0,0,13,3,17,25.125,24.153846153846153
1995-09-03,1995/1996,Sep,19,4,1,0,0,21,2,28,26.125,25.76923076923077
1995-09-10,1995/1996,Sep,20,1,2,0,5,30,2,40,28.125,27.692307692307693
1995-09-17,1995/1996,Sep,21,4,1,0,0,26,2,33,29.375,29.615384615384617
1995-09-24,1995/1996,Sep,22,2,3,0,1,21,4,31,30.125,31.384615384615383
1995-10-01,1995/1996,Oct,23,2,1,0,2,25,3,33,32.5,32.07692307692308
1995-10-08,1995/1996,Oct,24,2,1,0,0,26,0,29,35.0,33.0
1995-10-15,1995/1996,Oct,25,2,3,0,3,19,3,30,35.0,33.15384615384615
1995-10-22,1995/1996,Oct,26,1,1,0,1,27,6,36,34.375,33.61538461538461
1995-10-29,1995/1996,Oct,27,3,3,0,2,34,6,48,35.0,32.30769230769231
1995-11-05,1995/1996,Nov,28,0,0,0,2,28,10,40,33.25,31.076923076923077
1995-11-12,1995/1996,Nov,29,0,1,0,1,14,12,28,33.875,30.0
1995-11-19,1995/1996,Nov,30,0,1,0,1,28,6,36,33.0,29.23076923076923
1995-11-26,1995/1996,Nov,31,0,0,0,1,16,2,19,30.625,28.076923076923077
1995-12-03,1995/1996,Dec,32,0,0,0,0,18,16,34,26.75,27.307692307692307
1995-12-10,1995/1996,Dec,33,0,0,0,1,12,10,23,24.625,25.53846153846154
1995-12-17,1995/1996,Dec,34,0,0,0,1,13,3,17,22.875,23.615384615384617
1995-12-24,1995/1996,Dec,35,0,0,0,0,15,2,17,20.875,22.076923076923077
1996-01-01,1995/1996,Jan,36,0,1,0,1,20,1,23,20.125,21.153846153846153
1996-01-08,1995/1996,Jan,37,1,0,0,1,12,0,14,18.75,19.615384615384617
1996-01-15,1995/1996,Jan,38,2,0,0,0,18,0,20,18.375,19.923076923076923
1996-01-22,1995/1996,Jan,39,1,0,0,0,12,0,13,18.25,18.384615384615383
1996-01-29,1995/1996,Jan,40,0,1,0,0,20,2,23,18.125,17.76923076923077
1996-02-05,1995/1996,Feb,41,1,0,0,3,14,2,20,18.125,16.76923076923077
1996-02-12,1995/1996,Feb,42,0,0,0,0,16,0,16,18.125,15.846153846153847
1996-02-19,1995/1996,Feb,43,0,1,0,0,14,1,16,17.5,14.461538461538462
1996-02-26,1995/1996,Feb,44,2,0,0,0,19,2,23,16.375,14.23076923076923
1996-03-04,1995/1996,Mar,45,1,1,0,1,11,0,14,14.125,13.538461538461538
1996-03-11,1995/1996,Mar,46,0,0,0,1,10,4,15,12.25,13.076923076923077
1996-03-18,1995/1996,Mar,47,0,0,0,0,3,1,4,11.625,11.615384615384615
1996-03-25,1995/1996,Mar,48,0,1,0,0,4,0,5,11.0,10.538461538461538
1996-04-01,1995/1996,Apr,49,0,0,0,0,4,1,5,9.0,9.692307692307692
1996-04-08,1995/1996,Apr,50,2,1,0,1,4,3,11,7.75,8.615384615384615
1996-04-15,1995/1996,Apr,51,0,0,0,1,9,1,11,6.625,7.153846153846154
1996-04-22,1995/1996,Apr,52,2,0,0,0,4,1,7,6.75,6.230769230769231
1996-04-29,1996/1997,Apr,1,1,0,0,0,3,0,4,6.375,5.384615384615385
1996-05-06,1996/1997,May,2,0,0,0,1,5,0,6,6.25,5.538461538461538
1996-05-13,1996/1997,May,3,0,0,0,2,3,0,5,5.125,5.615384615384615
1996-05-20,1996/1997,May,4,0,0,0,0,2,0,2,4.25,5.538461538461538
1996-05-27,1996/1997,May,5,0,0,0,1,3,0,4,4.125,5.153846153846154
1996-06-03,1996/1997,Jun,6,0,0,0,0,2,0,2,4.375,5.153846153846154
1996-06-10,1996/1997,Jun,7,0,0,0,1,2,1,4,4.125,5.846153846153846
1996-06-17,1996/1997,Jun,8,3,1,0,0,2,0,6,4.25,6.230769230769231
1996-06-24,1996/1997,Jun,9,2,0,0,1,3,0,6,5.375,6.6923076923076925
1996-07-01,1996/1997,Jul,10,0,1,0,2,0,1,4,6.875,7.3076923076923075
1996-07-08,1996/1997,Jul,11,0,0,0,2,2,2,6,7.75,9.23076923076923
1996-07-15,1996/1997,Jul,12,1,2,0,1,5,2,11,8.75,10.538461538461538
1996-07-22,1996/1997,Jul,13,2,1,0,0,10,3,16,9.625,11.846153846153847
1996-07-29,1996/1997,Jul,14,1,0,0,2,5,1,9,12.25,12.846153846153847
1996-08-05,1996/1997,Aug,15,1,2,0,1,7,1,12,14.375,14.23076923076923
1996-08-12,1996/1997,Aug,16,1,2,0,0,7,3,13,16.0,15.846153846153847
1996-08-19,1996/1997,Aug,17,0,4,0,1,18,4,27,16.75,17.846153846153847
1996-08-26,1996/1997,Aug,18,1,0,0,2,13,5,21,17.75,19.615384615384617
1996-09-02,1996/1997,Sep,19,2,2,0,1,11,3,19,20.0,20.692307692307693
1996-09-09,1996/1997,Sep,20,1,1,0,0,13,2,17,22.25,22.153846153846153
1996-09-16,1996/1997,Sep,21,1,1,0,1,18,3,24,24.25,24.0
1996-09-23,1996/1997,Sep,22,2,0,0,1,16,8,27,24.0,25.384615384615383
1996-09-30,1996/1997,Sep,23,1,1,0,1,19,8,30,25.75,26.615384615384617
1996-10-07,1996/1997,Oct,24,0,1,0,1,21,6,29,27.5,26.923076923076923
1996-10-14,1996/1997,Oct,25,1,1,0,1,14,8,25,29.125,27.53846153846154
1996-10-21,1996/1997,Oct,26,0,0,0,2,23,10,35,29.75,27.76923076923077
1996-10-28,1996/1997,Oct,27,2,1,0,2,20,8,33,30.25,28.53846153846154
1996-11-04,1996/1997,Nov,28,1,3,0,0,21,5,30,30.125,28.53846153846154
1996-11-11,1996/1997,Nov,29,1,2,0,1,13,12,29,29.25,28.46153846153846
1996-11-18,1996/1997,Nov,30,3,0,0,3,15,10,31,29.5,28.384615384615383
1996-11-25,1996/1997,Nov,31,0,1,0,4,22,2,29,28.125,27.846153846153847
1996-12-02,1996/1997,Dec,32,0,4,0,4,11,3,22,27.25,28.46153846153846
1996-12-09,1996/1997,Dec,33,2,1,0,3,15,6,27,27.125,27.615384615384617
1996-12-16,1996/1997,Dec,34,1,1,0,3,15,4,24,26.25,27.384615384615383
1996-12-23,1996/1997,Dec,35,0,1,0,4,16,5,26,26.5,26.615384615384617
1997-01-01,1996/1997,Jan,36,2,1,0,1,19,6,29,25.875,25.692307692307693
1997-01-08,1996/1997,Jan,37,0,0,0,3,18,1,22,26.875,25.153846153846153
1997-01-15,1996/1997,Jan,38,0,0,0,2,26,5,33,26.0,25.076923076923077
1997-01-22,1996/1997,Jan,39,0,3,0,1,12,8,24,25.125,24.76923076923077
1997-01-29,1996/1997,Jan,40,0,2,0,0,19,9,30,24.875,23.692307692307693
1997-02-05,1996/1997,Feb,41,0,1,0,0,15,4,20,24.75,22.53846153846154
1997-02-12,1996/1997,Feb,42,2,1,0,0,9,5,17,24.25,21.615384615384617
1997-02-19,1996/1997,Feb,43,2,1,0,0,17,4,24,21.75,20.23076923076923
1997-02-26,1996/1997,Feb,44,0,1,0,4,16,7,28,19.875,19.384615384615383
1997-03-05,1996/1997,Mar,45,2,0,0,0,11,5,18,17.875,18.307692307692307
1997-03-12,1996/1997,Mar,46,0,0,0,1,9,3,13,16.75,17.23076923076923
1997-03-19,1996/1997,Mar,47,0,0,0,2,4,3,9,16.0,15.538461538461538
1997-03-26,1996/1997,Mar,48,0,0,0,1,12,1,14,15.375,14.615384615384615
1997-04-02,1996/1997,Apr,49,1,0,0,0,9,1,11,13.125,14.0
1997-04-09,1996/1997,Apr,50,0,0,0,0,10,1,11,11.875,12.384615384615385
1997-04-16,1996/1997,Apr,51,2,0,0,1,14,2,19,11.25,10.76923076923077
1997-04-23,1996/1997,Apr,52,0,0,0,1,9,0,10,11.25,10.461538461538462
1997-04-30,1997/1998,Apr,1,0,0,0,1,7,0,8,9.875,9.76923076923077
1997-05-07,1997/1998,May,2,0,0,0,1,7,0,8,9.375,9.76923076923077
1997-05-14,1997/1998,May,3,1,0,0,1,7,0,9,9.75,9.76923076923077
1997-05-21,1997/1998,May,4,0,0,0,0,3,0,3,7.875,9.461538461538462
1997-05-28,1997/1998,May,5,0,0,0,0,7,0,7,7.75,9.307692307692308
1997-06-04,1997/1998,Jun,6,0,0,0,0,11,3,14,8.5,8.076923076923077
1997-06-11,1997/1998,Jun,7,0,0,0,0,4,0,4,8.375,7.538461538461538
1997-06-18,1997/1998,Jun,8,1,0,0,1,4,3,9,8.375,8.0
1997-06-25,1997/1998,Jun,9,0,0,0,0,9,5,14,8.375,8.307692307692308
1997-07-02,1997/1998,Jul,10,0,0,0,1,4,2,7,7.875,8.384615384615385
1997-07-09,1997/1998,Jul,11,0,0,0,1,7,1,9,7.875,9.76923076923077
1997-07-16,1997/1998,Jul,12,0,0,0,0,2,1,3,8.875,11.23076923076923
1997-07-23,1997/1998,Jul,13,0,0,0,0,3,0,3,9.0,13.76923076923077
1997-07-30,1997/1998,Jul,14,2,0,0,2,8,2,14,9.875,16.692307692307693
1997-08-06,1997/1998,Aug,15,1,0,0,1,10,0,12,12.25,18.384615384615383
1997-08-13,1997/1998,Aug,16,0,0,0,0,10,0,10,17.0,19.923076923076923
1997-08-20,1997/1998,Aug,17,2,0,0,1,17,1,21,21.875,21.923076923076923
1997-08-27,1997/1998,Aug,18,1,0,0,2,21,2,26,25.375,25.23076923076923
1997-09-03,1997/1998,Sep,19,1,1,0,2,30,13,47,27.875,29.307692307692307
1997-09-10,1997/1998,Sep,20,3,1,0,5,25,8,42,30.5,34.46153846153846
1997-09-17,1997/1998,Sep,21,4,1,0,0,18,8,31,35.75,42.0
1997-09-24,1997/1998,Sep,22,1,2,0,0,19,12,34,40.125,46.46153846153846
1997-10-01,1997/1998,Oct,23,0,0,0,1,23,9,33,45.625,49.30769230769231
1997-10-08,1997/1998,Oct,24,0,0,0,9,33,10,52,53.75,51.38461538461539
1997-10-15,1997/1998,Oct,25,2,3,0,5,24,22,56,57.25,53.15384615384615
1997-10-22,1997/1998,Oct,26,4,0,0,8,38,20,70,59.25,54.61538461538461
1997-10-29,1997/1998,Oct,27,2,0,0,2,68,40,112,61.0,55.69230769230769
1997-11-05,1997/1998,Nov,28,0,0,0,0,35,35,70,63.0,58.0
1997-11-12,1997/1998,Nov,29,1,0,0,1,23,22,47,64.75,60.53846153846154
1997-11-19,1997/1998,Nov,30,2,1,0,3,34,8,48,64.75,62.92307692307692
1997-11-26,1997/1998,Nov,31,1,1,0,2,28,17,49,63.625,64.15384615384616
1997-12-03,1997/1998,Dec,32,0,0,0,1,31,34,66,58.0,63.61538461538461
1997-12-10,1997/1998,Dec,33,0,0,0,2,37,17,56,57.25,62.07692307692308
1997-12-17,1997/1998,Dec,34,0,0,0,1,34,26,61,59.875,57.76923076923077
1997-12-24,1997/1998,Dec,35,0,3,0,3,36,25,67,60.0,58.15384615384615
1998-01-01,1997/1998,Jan,36,0,2,1,1,39,21,64,60.125,59.38461538461539
1998-01-08,1997/1998,Jan,37,2,0,0,3,41,22,68,58.875,60.46153846153846
1998-01-15,1997/1998,Jan,38,3,0,0,4,28,14,49,61.25,59.84615384615385
1998-01-22,1997/1998,Jan,39,0,0,1,2,34,13,50,61.5,58.61538461538461
1998-01-29,1997/1998,Jan,40,1,0,0,2,42,11,56,60.875,56.92307692307692
1998-02-05,1997/1998,Feb,41,2,3,0,4,49,17,75,58.0,54.61538461538461
1998-02-12,1997/1998,Feb,42,2,1,0,4,37,19,63,55.75,52.38461538461539
1998-02-19,1997/1998,Feb,43,1,2,0,5,43,11,62,53.875,49.76923076923077
1998-02-26,1997/1998,Feb,44,3,0,0,1,31,6,41,51.5,47.0
1998-03-05,1997/1998,Mar,45,2,2,0,9,32,5,50,49.25,45.23076923076923
1998-03-12,1997/1998,Mar,46,2,1,0,4,24,3,34,43.625,43.69230769230769
1998-03-19,1997/1998,Mar,47,2,1,0,5,23,0,31,39.75,42.15384615384615
1998-03-26,1997/1998,Mar,48,4,2,0,4,23,5,38,35.25,39.07692307692308
1998-04-02,1997/1998,Apr,49,1,0,0,4,23,2,30,33.875,37.76923076923077
1998-04-09,1997/1998,Apr,50,0,0,0,5,24,3,32,32.125,36.69230769230769
1998-04-16,1997/1998,Apr,51,3,0,0,4,17,2,26,32.25,36.92307692307692
1998-04-23,1997/1998,Apr,52,2,1,1,7,18,1,30,34.125,37.0
1998-04-30,1998/1999,Apr,1,4,2,0,1,27,2,36,35.375,38.92307692307692
1998-05-07,1998/1999,May,2,2,0,0,7,24,2,35,37.125,42.0
1998-05-14,1998/1999,May,3,5,0,0,9,30,2,46,39.5,46.92307692307692
1998-05-21,1998/1999,May,4,1,4,0,6,33,4,48,43.625,54.46153846153846
1998-05-28,1998/1999,May,5,3,1,2,7,27,4,44,48.75,61.76923076923077
1998-06-04,1998/1999,Jun,6,5,1,0,9,33,3,51,57.0,71.3076923076923
1998-06-11,1998/1999,Jun,7,6,1,0,10,37,5,59,68.625,83.6923076923077
1998-06-18,1998/1999,Jun,8,1,3,2,4,51,10,71,78.75,100.61538461538461
1998-06-25,1998/1999,Jun,9,11,2,0,12,65,12,102,91.5,123.23076923076923
1998-07-02,1998/1999,Jul,10,3,1,0,3,87,34,128,109.875,139.92307692307693
1998-07-09,1998/1999,Jul,11,8,1,0,17,71,30,127,135.5,153.15384615384616
1998-07-16,1998/1999,Jul,12,11,5,0,8,63,63,150,169.25,165.46153846153845
1998-07-23,1998/1999,Jul,13,4,5,1,9,93,79,191,193.25,175.46153846153845
1998-07-30,1998/1999,Jul,14,2,3,5,9,119,118,256,208.0,178.53846153846155
1998-08-06,1998/1999,Aug,15,6,7,2,11,105,198,329,217.5,177.23076923076923
1998-08-13,1998/1999,Aug,16,8,3,2,15,70,165,263,224.25,175.53846153846155
1998-08-20,1998/1999,Aug,17,5,1,0,11,58,145,220,217.875,173.53846153846155
1998-08-27,1998/1999,Aug,18,7,4,2,12,58,121,204,200.75,173.53846153846155
1998-09-03,1998/1999,Sep,19,1,1,0,5,44,130,181,178.75,167.6153846153846
1998-09-10,1998/1999,Sep,20,0,0,2,0,19,78,99,150.375,158.15384615384616
1998-09-17,1998/1999,Sep,21,0,0,0,2,28,24,54,133.375,143.3846153846154
1998-09-24,1998/1999,Sep,22,2,1,5,4,27,41,80,115.0,122.3076923076923
1998-10-01,1998/1999,Oct,23,2,1,2,2,42,53,102,98.0,107.23076923076923
1998-10-08,1998/1999,Oct,24,6,1,1,4,49,66,127,83.375,96.76923076923077
1998-10-15,1998/1999,Oct,25,0,1,1,3,42,26,73,77.875,87.61538461538461
1998-10-22,1998/1999,Oct,26,1,1,4,4,40,18,68,79.5,78.84615384615384
1998-10-29,1998/1999,Oct,27,0,1,0,0,38,25,64,80.0,76.84615384615384
1998-11-05,1998/1999,Nov,28,2,1,2,1,25,24,55,77.875,79.53846153846153
1998-11-12,1998/1999,Nov,29,1,3,2,5,30,26,67,70.375,78.61538461538461
1998-11-19,1998/1999,Nov,30,1,3,3,2,43,32,84,70.375,75.3076923076923
1998-11-26,1998/1999,Nov,31,1,3,7,4,54,16,85,73.0,69.84615384615384
1998-12-03,1998/1999,Dec,32,1,4,1,0,37,24,67,73.5,70.15384615384616
1998-12-10,1998/1999,Dec,33,0,2,1,2,46,22,73,74.0,70.6923076923077
1998-12-17,1998/1999,Dec,34,1,3,3,0,50,32,89,72.625,69.38461538461539
1998-12-24,1998/1999,Dec,35,2,3,2,2,42,17,68,71.75,69.0
1999-01-01,1998/1999,Jan,36,4,5,10,3,26,11,59,70.5,67.07692307692308
1999-01-08,1998/1999,Jan,37,1,0,9,7,35,4,56,68.0,62.76923076923077
1999-01-15,1998/1999,Jan,38,2,8,8,3,43,13,77,65.125,59.07692307692308
1999-01-22,1998/1999,Jan,39,1,1,8,2,56,7,75,59.25,56.76923076923077
1999-01-29,1998/1999,Jan,40,1,2,3,1,33,7,47,54.25,53.23076923076923
1999-02-05,1998/1999,Feb,41,0,0,1,2,42,5,50,51.5,47.30769230769231
1999-02-12,1998/1999,Feb,42,0,1,1,1,36,3,42,49.125,43.23076923076923
1999-02-19,1998/1999,Feb,43,0,0,1,0,27,0,28,42.875,40.38461538461539
1999-02-26,1998/1999,Feb,44,0,0,3,1,30,3,37,35.0,36.69230769230769
1999-03-05,1998/1999,Mar,45,1,0,0,0,32,4,37,31.0,31.923076923076923
1999-03-12,1998/1999,Mar,46,1,0,3,0,23,0,27,27.5,27.46153846153846
1999-03-19,1998/1999,Mar,47,0,0,1,0,11,0,12,23.25,24.615384615384617
1999-03-26,1998/1999,Mar,48,0,0,1,0,14,0,15,21.625,21.46153846153846
1999-04-02,1998/1999,Apr,49,0,0,4,1,17,0,22,19.125,19.076923076923077
1999-04-09,1998/1999,Apr,50,0,0,0,1,7,0,8,15.75,18.46153846153846
1999-04-16,1998/1999,Apr,51,1,0,1,0,13,0,15,13.5,16.615384615384617
1999-04-23,1998/1999,Apr,52,0,0,2,0,15,0,17,13.375,14.615384615384615
1999-04-30,1999/2000,Apr,1,0,0,2,0,8,0,10,14.0,13.76923076923077
1999-05-07,1999/2000,May,2,0,0,1,0,8,0,9,12.875,13.692307692307692
1999-05-14,1999/2000,May,3,1,0,2,0,8,0,11,13.25,13.076923076923077
1999-05-21,1999/2000,May,4,0,0,0,1,19,0,20,13.375,12.692307692307692
1999-05-28,1999/2000,May,5,0,0,2,1,10,0,13,12.625,13.153846153846153
1999-06-04,1999/2000,Jun,6,0,0,0,1,10,0,11,12.25,13.0
1999-06-11,1999/2000,Jun,7,0,0,1,0,15,0,16,13.25,12.846153846153847
1999-06-18,1999/2000,Jun,8,0,0,1,0,10,0,11,13.625,14.384615384615385
1999-06-25,1999/2000,Jun,9,0,0,0,0,7,0,7,12.75,15.615384615384615
1999-07-02,1999/2000,Jul,10,0,1,4,0,12,0,17,13.0,17.846153846153847
1999-07-09,1999/2000,Jul,11,0,0,0,0,14,0,14,15.375,19.692307692307693
1999-07-16,1999/2000,Jul,12,0,1,1,0,11,0,13,16.5,20.615384615384617
1999-07-23,1999/2000,Jul,13,0,0,2,0,13,0,15,20.125,21.384615384615383
1999-07-30,1999/2000,Jul,14,0,5,3,0,22,0,30,24.75,23.846153846153847
1999-08-06,1999/2000,Aug,15,0,1,5,0,19,0,25,25.75,27.307692307692307
1999-08-13,1999/2000,Aug,16,1,1,2,0,36,0,40,26.625,31.384615384615383
1999-08-20,1999/2000,Aug,17,1,3,8,1,31,0,44,31.0,33.53846153846154
1999-08-27,1999/2000,Aug,18,0,0,4,1,20,0,25,36.125,36.69230769230769
1999-09-03,1999/2000,Sep,19,1,1,1,0,18,0,21,39.875,38.15384615384615
1999-09-10,1999/2000,Sep,20,1,4,9,1,33,0,48,42.375,40.53846153846154
1999-09-17,1999/2000,Sep,21,1,7,5,0,43,0,56,44.25,42.92307692307692
1999-09-24,1999/2000,Sep,22,2,1,5,0,52,0,60,42.75,44.23076923076923
1999-10-01,1999/2000,Oct,23,1,1,5,1,37,0,45,45.375,44.0
1999-10-08,1999/2000,Oct,24,1,1,3,1,49,0,55,50.375,43.92307692307692
1999-10-15,1999/2000,Oct,25,0,2,2,1,27,0,32,49.625,44.61538461538461
1999-10-22,1999/2000,Oct,26,1,3,4,0,38,0,46,47.25,46.07692307692308
1999-10-29,1999/2000,Oct,27,0,6,9,0,46,0,61,45.125,44.30769230769231
1999-11-05,1999/2000,Nov,28,1,2,6,0,33,0,42,43.75,41.23076923076923
1999-11-12,1999/2000,Nov,29,1,0,0,0,36,0,37,41.875,37.92307692307692
1999-11-19,1999/2000,Nov,30,0,1,6,0,36,0,43,41.0,35.76923076923077
1999-11-26,1999/2000,Nov,31,1,0,4,0,29,0,34,37.25,32.76923076923077
1999-12-03,1999/2000,Dec,32,0,3,4,0,33,0,40,31.75,32.07692307692308
1999-12-10,1999/2000,Dec,33,0,0,1,0,24,0,25,28.625,29.923076923076923
1999-12-17,1999/2000,Dec,34,1,3,2,0,10,0,16,26.0,26.615384615384617
1999-12-24,1999/2000,Dec,35,0,0,7,0,10,0,17,23.5,24.076923076923077
2000-01-01,1999/2000,Jan,36,0,0,1,0,16,0,17,21.5,21.76923076923077
2000-01-08,1999/2000,Jan,37,0,0,1,0,15,0,16,18.75,19.0
2000-01-15,1999/2000,Jan,38,1,1,3,0,18,0,23,16.75,16.692307692307693
2000-01-22,1999/2000,Jan,39,0,0,1,0,16,1,18,15.625,13.846153846153847
2000-01-29,1999/2000,Jan,40,1,0,0,0,16,1,18,14.375,12.076923076923077
2000-02-05,1999/2000,Feb,41,0,0,2,0,7,0,9,12.75,11.461538461538462
2000-02-12,1999/2000,Feb,42,0,0,1,0,6,0,7,11.125,10.384615384615385
2000-02-19,1999/2000,Feb,43,0,0,1,0,6,0,7,8.5,9.153846153846153
2000-02-26,1999/2000,Feb,44,0,0,0,0,4,0,4,7.25,8.0
2000-03-04,1999/2000,Mar,45,0,0,2,0,1,0,3,5.375,6.384615384615385
2000-03-11,1999/2000,Mar,46,0,0,1,0,1,0,2,4.375,5.230769230769231
2000-03-18,1999/2000,Mar,47,0,0,2,0,6,0,8,3.625,4.076923076923077
2000-03-25,1999/2000,Mar,48,0,0,0,0,3,0,3,3.0,3.5384615384615383
2000-04-01,1999/2000,Apr,49,0,0,0,0,1,0,1,2.875,3.0
2000-04-08,1999/2000,Apr,50,0,0,0,0,1,0,1,2.875,2.4615384615384617
2000-04-15,1999/2000,Apr,51,0,0,0,0,2,0,2,2.875,2.3076923076923075
2000-04-22,1999/2000,Apr,52,0,0,0,0,2,1,3,1.875,2.230769230769231
2000-04-29,2000/2001,Apr,1,0,0,0,0,2,1,3,1.5,2.076923076923077
2000-05-06,2000/2001,May,2,0,0,0,0,2,0,2,1.625,1.9230769230769231
2000-05-13,2000/2001,May,3,0,0,0,0,0,0,0,1.75,1.9230769230769231
2000-05-20,2000/2001,May,4,0,0,0,0,0,0,0,1.5,2.3076923076923075
2000-05-27,2000/2001,May,5,0,0,1,0,1,0,2,1.875,2.3846153846153846
2000-06-03,2000/2001,Jun,6,0,0,0,0,1,1,2,1.875,2.4615384615384617
2000-06-10,2000/2001,Jun,7,0,0,0,0,0,0,0,2.375,2.3846153846153846
2000-06-17,2000/2001,Jun,8,0,0,1,0,3,2,6,2.625,2.4615384615384617
2000-06-24,2000/2001,Jun,9,0,0,0,0,2,1,3,3.0,2.6923076923076925
2000-07-01,2000/2001,Jul,10,0,0,1,0,5,0,6,3.0,2.8461538461538463
2000-07-08,2000/2001,Jul,11,0,0,1,0,1,0,2,3.25,3.5384615384615383
2000-07-15,2000/2001,Jul,12,0,0,0,0,3,0,3,3.875,3.5384615384615383
2000-07-22,2000/2001,Jul,13,0,0,0,0,2,0,2,3.375,3.6923076923076925
2000-07-29,2000/2001,Jul,14,0,0,0,0,4,0,4,4.125,4.3076923076923075
2000-08-05,2000/2001,Aug,15,0,0,1,0,3,1,5,3.625,4.3076923076923075
2000-08-12,2000/2001,Aug,16,0,0,1,0,1,0,2,3.875,4.3076923076923075
2000-08-19,2000/2001,Aug,17,0,2,3,0,4,0,9,4.5,4.6923076923076925
2000-08-26,2000/2001,Aug,18,0,0,1,0,1,0,2,5.0,5.615384615384615
2000-09-02,2000/2001,Sep,19,0,0,1,0,2,1,4,4.875,6.538461538461538
2000-09-09,2000/2001,Sep,20,0,2,2,0,3,1,8,5.625,7.923076923076923
2000-09-16,2000/2001,Sep,21,0,0,2,0,4,0,6,7.125,8.307692307692308
2000-09-23,2000/2001,Sep,22,0,0,3,0,0,0,3,7.875,9.461538461538462
2000-09-30,2000/2001,Sep,23,0,0,5,0,6,0,11,10.125,11.461538461538462
2000-10-07,2000/2001,Oct,24,0,0,3,0,8,3,14,10.75,13.692307692307692
2000-10-14,2000/2001,Oct,25,0,0,5,0,5,5,15,12.25,15.846153846153847
2000-10-21,2000/2001,Oct,26,0,0,6,0,10,4,20,15.0,17.846153846153847
2000-10-28,2000/2001,Oct,27,0,1,3,0,5,0,9,19.375,19.0
2000-11-04,2000/2001,Nov,28,0,0,7,0,11,2,20,21.75,19.76923076923077
2000-11-11,2000/2001,Nov,29,0,0,16,0,9,3,28,23.75,21.23076923076923
2000-11-18,2000/2001,Nov,30,0,1,9,0,21,7,38,24.75,22.53846153846154
2000-11-25,2000/2001,Nov,31,0,0,13,0,14,3,30,24.25,22.53846153846154
2000-12-02,2000/2001,Dec,32,0,1,11,0,16,2,30,25.875,22.692307692307693
2000-12-09,2000/2001,Dec,33,0,0,10,0,12,1,23,26.875,22.692307692307693
2000-12-16,2000/2001,Dec,34,0,0,4,0,12,0,16,25.125,23.307692307692307
2000-12-23,2000/2001,Dec,35,0,0,4,0,16,2,22,22.5,22.53846153846154
2001-01-01,2000/2001,Jan,36,0,0,10,0,16,2,28,21.25,21.384615384615383
2001-01-08,2000/2001,Jan,37,0,0,4,0,7,3,14,19.625,20.0
2001-01-15,2000/2001,Jan,38,0,0,7,0,9,1,17,18.0,18.384615384615383
2001-01-22,2000/2001,Jan,39,0,0,7,0,12,1,20,17.625,17.46153846153846
2001-01-29,2000/2001,Jan,40,0,1,6,0,9,1,17,17.375,16.384615384615383
2001-02-05,2000/2001,Feb,41,0,0,6,0,3,1,10,15.0,15.76923076923077
2001-02-12,2000/2001,Feb,42,0,0,7,0,5,1,13,15.5,15.538461538461538
2001-02-19,2000/2001,Feb,43,0,0,6,0,10,4,20,14.5,14.23076923076923
2001-02-26,2000/2001,Feb,44,0,0,2,0,6,1,9,13.0,13.461538461538462
2001-03-05,2000/2001,Mar,45,0,0,7,0,7,4,18,13.25,12.615384615384615
2001-03-12,2000/2001,Mar,46,0,1,3,0,5,0,9,13.375,11.538461538461538
2001-03-19,2000/2001,Mar,47,0,0,1,0,4,3,8,12.25,10.846153846153847
2001-03-26,2000/2001,Mar,48,0,0,2,0,14,3,19,10.5,11.076923076923077
2001-04-02,2000/2001,Apr,49,0,0,5,0,4,2,11,10.125,10.692307692307692
2001-04-09,2000/2001,Apr,50,0,0,0,0,3,1,4,8.875,9.76923076923077
2001-04-16,2000/2001,Apr,51,0,0,0,0,5,1,6,9.375,9.461538461538462
2001-04-23,2000/2001,Apr,52,0,0,2,0,4,0,6,9.375,9.307692307692308
2001-04-30,2001/2002,Apr,1,0,0,0,0,7,1,8,8.0,9.538461538461538
2001-05-07,2001/2002,May,2,0,3,3,0,6,1,13,7.25,9.76923076923077
2001-05-14,2001/2002,May,3,0,0,2,0,5,1,8,8.75,9.692307692307692
2001-05-21,2001/2002,May,4,0,1,1,0,5,1,8,9.5,9.615384615384615
2001-05-28,2001/2002,May,5,0,0,3,0,2,0,5,10.125,11.0
2001-06-04,2001/2002,Jun,6,0,0,8,0,4,4,16,11.375,11.615384615384615
2001-06-11,2001/2002,Jun,7,0,0,7,0,4,1,12,11.0,12.384615384615385
2001-06-18,2001/2002,Jun,8,0,0,5,0,4,2,11,12.75,13.153846153846153
2001-06-25,2001/2002,Jun,9,0,0,4,0,11,3,18,13.5,14.23076923076923
2001-07-02,2001/2002,Jul,10,0,1,3,0,5,1,10,14.875,16.53846153846154
2001-07-09,2001/2002,Jul,11,0,0,4,0,13,5,22,15.125,18.615384615384617
2001-07-16,2001/2002,Jul,12,0,0,2,0,12,0,14,17.0,21.384615384615383
2001-07-23,2001/2002,Jul,13,0,0,5,0,9,2,16,20.375,24.076923076923077
2001-07-30,2001/2002,Jul,14,0,0,8,0,10,0,18,22.5,28.153846153846153
2001-08-06,2001/2002,Aug,15,0,1,5,0,15,6,27,26.375,31.53846153846154
2001-08-13,2001/2002,Aug,16,0,0,4,0,28,6,38,30.0,34.30769230769231
2001-08-20,2001/2002,Aug,17,0,0,12,0,20,3,35,36.375,38.30769230769231
2001-08-27,2001/2002,Aug,18,0,1,10,0,26,4,41,41.25,41.53846153846154
2001-09-03,2001/2002,Sep,19,0,0,6,0,38,7,51,45.75,44.76923076923077
2001-09-10,2001/2002,Sep,20,0,0,10,0,45,10,65,50.125,48.53846153846154
2001-09-17,2001/2002,Sep,21,0,0,8,0,40,7,55,53.375,52.61538461538461
2001-09-24,2001/2002,Sep,22,0,2,13,0,37,2,54,56.0,56.30769230769231
2001-10-01,2001/2002,Oct,23,0,0,12,0,43,7,62,59.0,58.84615384615385
2001-10-08,2001/2002,Oct,24,0,0,7,0,51,6,64,61.5,61.69230769230769
2001-10-15,2001/2002,Oct,25,0,0,8,0,45,3,56,62.75,62.15384615384615
2001-10-22,2001/2002,Oct,26,0,1,14,0,45,5,65,64.75,60.30769230769231
2001-10-29,2001/2002,Oct,27,0,0,10,0,55,6,71,67.0,58.0
2001-11-05,2001/2002,Nov,28,0,0,13,0,57,5,75,65.125,55.69230769230769
2001-11-12,2001/2002,Nov,29,0,0,22,0,41,8,71,60.5,53.0
2001-11-19,2001/2002,Nov,30,0,3,13,0,47,9,72,57.875,51.07692307692308
2001-11-26,2001/2002,Nov,31,0,0,10,0,33,4,47,52.875,49.07692307692308
2001-12-03,2001/2002,Dec,32,0,1,10,0,11,5,27,46.375,47.38461538461539
2001-12-10,2001/2002,Dec,33,0,2,15,0,16,2,35,41.625,44.38461538461539
2001-12-17,2001/2002,Dec,34,0,2,8,0,12,3,25,37.5,40.38461538461539
2001-12-24,2001/2002,Dec,35,0,1,9,0,8,1,19,32.75,36.0
2002-01-01,2001/2002,Jan,36,0,1,12,0,22,2,37,30.125,32.23076923076923
2002-01-08,2001/2002,Jan,37,0,1,10,0,21,6,38,29.125,27.923076923076923
2002-01-15,2001/2002,Jan,38,0,0,12,0,18,4,34,27.0,25.692307692307693
2002-01-22,2001/2002,Jan,39,0,1,6,0,15,4,26,26.625,24.076923076923077
2002-01-29,2001/2002,Jan,40,0,0,6,0,10,3,19,26.25,22.307692307692307
2002-02-05,2001/2002,Feb,41,0,0,5,0,13,0,18,23.875,20.846153846153847
2002-02-12,2001/2002,Feb,42,0,0,7,0,13,2,22,19.875,19.846153846153847
2002-02-19,2001/2002,Feb,43,0,0,5,0,9,2,16,17.125,17.23076923076923
2002-02-26,2001/2002,Feb,44,0,0,5,0,10,3,18,14.625,14.846153846153847
2002-03-05,2001/2002,Mar,45,0,0,2,0,4,0,6,13.0,12.692307692307692
2002-03-12,2001/2002,Mar,46,0,0,3,0,8,1,12,11.125,10.76923076923077
2002-03-19,2001/2002,Mar,47,0,0,3,0,3,0,6,9.25,9.538461538461538
2002-03-26,2001/2002,Mar,48,0,0,2,0,4,0,6,8.0,8.307692307692308
2002-04-02,2001/2002,Apr,49,0,0,1,0,2,0,3,5.875,6.769230769230769
2002-04-09,2001/2002,Apr,50,0,0,3,0,3,1,7,5.5,5.615384615384615
2002-04-16,2001/2002,Apr,51,0,0,0,0,4,2,6,4.25,5.0
2002-04-23,2001/2002,Apr,52,0,0,0,0,1,0,1,3.75,4.769230769230769
2002-04-30,2002/2003,Apr,1,0,0,1,0,2,0,3,3.125,4.076923076923077
2002-05-07,2002/2003,May,2,0,0,1,0,1,0,2,4.0,3.6923076923076925
2002-05-14,2002/2003,May,3,0,0,0,0,2,0,2,3.5,3.3076923076923075
2002-05-21,2002/2003,May,4,0,0,0,0,1,0,1,3.125,3.230769230769231
2002-05-28,2002/2003,May,5,0,0,2,0,6,2,10,3.125,3.1538461538461537
2002-06-04,2002/2003,Jun,6,0,0,0,0,2,1,3,2.875,2.923076923076923
2002-06-11,2002/2003,Jun,7,0,0,1,0,2,0,3,2.875,3.076923076923077
2002-06-18,2002/2003,Jun,8,0,0,0,0,1,0,1,3.375,3.230769230769231
2002-06-25,2002/2003,Jun,9,0,0,0,0,0,1,1,3.625,3.3846153846153846
2002-07-02,2002/2003,Jul,10,0,0,0,0,2,0,2,2.75,3.769230769230769
2002-07-09,2002/2003,Jul,11,0,0,0,0,6,0,6,3.0,4.153846153846154
2002-07-16,2002/2003,Jul,12,0,0,3,0,0,0,3,3.125,3.769230769230769
2002-07-23,2002/2003,Jul,13,0,0,1,0,2,0,3,3.875,4.076923076923077
2002-07-30,2002/2003,Jul,14,0,0,3,0,1,1,5,4.5,4.3076923076923075
2002-08-06,2002/2003,Aug,15,0,1,1,0,2,0,4,4.875,4.538461538461538
2002-08-13,2002/2003,Aug,16,0,0,1,0,6,0,7,5.0,4.769230769230769
2002-08-20,2002/2003,Aug,17,0,0,2,0,3,1,6,5.375,5.153846153846154
2002-08-27,2002/2003,Aug,18,0,0,3,0,1,1,5,5.5,5.384615384615385
2002-09-03,2002/2003,Sep,19,0,0,4,0,3,0,7,5.375,5.538461538461538
2002-09-10,2002/2003,Sep,20,0,0,4,0,2,0,6,5.75,5.6923076923076925
2002-09-17,2002/2003,Sep,21,0,0,2,0,1,1,4,6.0,6.076923076923077
2002-09-24,2002/2003,Sep,22,0,0,1,0,2,1,4,5.875,6.230769230769231
2002-10-01,2002/2003,Oct,23,0,0,1,0,2,4,7,5.875,6.6923076923076925
2002-10-08,2002/2003,Oct,24,0,0,1,0,8,0,9,6.25,6.6923076923076925
2002-10-15,2002/2003,Oct,25,0,0,1,0,4,0,5,6.25,6.6923076923076925
2002-10-22,2002/2003,Oct,26,0,0,1,0,3,1,5,7.375,6.538461538461538
2002-10-29,2002/2003,Oct,27,0,0,1,0,7,2,10,7.625,6.769230769230769
2002-11-05,2002/2003,Nov,28,0,0,2,0,4,0,6,7.375,6.6923076923076925
2002-11-12,2002/2003,Nov,29,0,0,2,0,10,1,13,6.875,6.846153846153846
2002-11-19,2002/2003,Nov,30,0,0,0,0,6,0,6,7.375,7.153846153846154
2002-11-26,2002/2003,Nov,31,0,0,0,0,2,3,5,7.125,7.0
2002-12-03,2002/2003,Dec,32,0,0,2,0,3,0,5,6.625,7.153846153846154
2002-12-10,2002/2003,Dec,33,0,0,4,0,5,0,9,7.25,7.923076923076923
2002-12-17,2002/2003,Dec,34,0,0,1,0,2,0,3,6.5,7.846153846153846
2002-12-24,2002/2003,Dec,35,0,1,0,0,4,1,6,6.625,7.846153846153846
2003-01-01,2002/2003,Jan,36,0,2,1,0,8,0,11,7.875,7.3076923076923075
2003-01-08,2002/2003,Jan,37,0,1,1,0,5,0,7,8.375,7.3076923076923075
2003-01-15,2002/2003,Jan,38,0,0,1,0,5,1,7,8.0,7.461538461538462
2003-01-22,2002/2003,Jan,39,0,0,1,0,12,2,15,8.375,7.846153846153846
2003-01-29,2002/2003,Jan,40,0,1,1,0,7,0,9,8.375,7.769230769230769
2003-02-05,2002/2003,Feb,41,0,0,1,0,4,1,6,7.875,8.076923076923077
2003-02-12,2002/2003,Feb,42,0,0,2,0,4,0,6,8.25,8.538461538461538
2003-02-19,2002/2003,Feb,43,0,0,3,0,3,0,6,8.375,7.923076923076923
2003-02-26,2002/2003,Feb,44,0,0,2,0,5,0,7,7.375,7.538461538461538
2003-03-05,2002/2003,Mar,45,0,0,2,0,7,1,10,7.75,7.538461538461538
2003-03-12,2002/2003,Mar,46,0,0,1,0,7,0,8,7.375,6.769230769230769
2003-03-19,2002/2003,Mar,47,0,0,5,0,2,0,7,6.875,6.461538461538462
2003-03-26,2002/2003,Mar,48,0,1,2,0,7,2,12,7.0,6.538461538461538
2003-04-02,2002/2003,Apr,49,0,0,0,0,3,0,3,6.75,6.615384615384615
2003-04-09,2002/2003,Apr,50,0,0,0,0,2,0,2,6.125,6.6923076923076925
2003-04-16,2002/2003,Apr,51,1,2,1,0,3,0,7,6.0,6.6923076923076925
2003-04-23,2002/2003,Apr,52,0,1,2,0,2,0,5,6.0,6.6923076923076925
2003-04-30,2003/2004,Apr,1,0,0,1,0,4,0,5,5.375,7.076923076923077
2003-05-07,2003/2004,May,2,0,0,2,0,5,0,7,5.875,7.3076923076923075
2003-05-14,2003/2004,May,3,0,0,3,0,4,0,7,6.875,7.461538461538462
2003-05-21,2003/2004,May,4,0,0,2,0,5,0,7,7.625,8.076923076923077
2003-05-28,2003/2004,May,5,0,0,4,0,3,0,7,8.25,9.461538461538462
2003-06-04,2003/2004,Jun,6,0,0,3,0,6,1,10,9.375,10.846153846153847
2003-06-11,2003/2004,Jun,7,0,0,9,0,3,1,13,9.875,11.76923076923077
2003-06-18,2003/2004,Jun,8,0,1,4,0,5,0,10,11.5,12.76923076923077
2003-06-25,2003/2004,Jun,9,0,2,2,0,10,0,14,13.75,14.153846153846153
2003-07-02,2003/2004,Jul,10,0,0,2,0,9,0,11,15.0,15.23076923076923
2003-07-09,2003/2004,Jul,11,0,0,0,0,18,2,20,16.0,17.076923076923077
2003-07-16,2003/2004,Jul,12,0,0,0,0,22,3,25,17.5,19.0
2003-07-23,2003/2004,Jul,13,0,0,2,0,15,0,17,18.875,20.23076923076923
2003-07-30,2003/2004,Jul,14,0,0,3,0,13,2,18,21.0,21.923076923076923
2003-08-06,2003/2004,Aug,15,0,1,9,0,15,0,25,23.625,23.307692307692307
2003-08-13,2003/2004,Aug,16,0,2,5,0,13,1,21,24.375,25.076923076923077
2003-08-20,2003/2004,Aug,17,0,0,9,0,20,2,31,25.625,27.384615384615383
2003-08-27,2003/2004,Aug,18,0,2,7,0,22,1,32,27.0,28.46153846153846
2003-09-03,2003/2004,Sep,19,0,1,3,0,21,1,26,29.375,28.846153846153847
2003-09-10,2003/2004,Sep,20,0,2,5,0,25,3,35,31.375,30.53846153846154
2003-09-17,2003/2004,Sep,21,0,0,5,0,19,4,28,33.0,32.15384615384615
2003-09-24,2003/2004,Sep,22,0,2,10,0,24,1,37,32.875,33.23076923076923
2003-10-01,2003/2004,Oct,23,0,1,10,0,29,1,41,33.75,34.23076923076923
2003-10-08,2003/2004,Oct,24,0,0,6,0,26,2,34,35.375,34.15384615384615
2003-10-15,2003/2004,Oct,25,0,0,9,0,19,2,30,35.875,34.53846153846154
2003-10-22,2003/2004,Oct,26,0,0,10,0,27,2,39,36.625,34.76923076923077
2003-10-29,2003/2004,Oct,27,0,4,9,0,24,2,39,35.75,34.07692307692308
2003-11-05,2003/2004,Nov,28,0,1,4,0,27,7,39,35.25,33.07692307692308
2003-11-12,2003/2004,Nov,29,0,0,2,0,28,4,34,34.625,31.923076923076923
2003-11-19,2003/2004,Nov,30,0,0,3,0,19,8,30,34.125,29.923076923076923
2003-11-26,2003/2004,Nov,31,0,0,2,0,23,12,37,31.125,28.846153846153847
2003-12-03,2003/2004,Dec,32,0,1,6,0,17,5,29,29.0,27.615384615384617
2003-12-10,2003/2004,Dec,33,0,2,4,0,15,5,26,26.0,25.384615384615383
2003-12-17,2003/2004,Dec,34,0,2,1,0,7,5,15,24.25,24.0
2003-12-24,2003/2004,Dec,35,0,2,6,0,8,6,22,22.25,22.076923076923077
2004-01-01,2003/2004,Jan,36,0,3,2,0,8,2,15,18.875,20.53846153846154
2004-01-08,2003/2004,Jan,37,0,1,5,0,10,4,20,17.875,18.923076923076923
2004-01-15,2003/2004,Jan,38,0,1,4,0,6,3,14,16.375,16.923076923076923
2004-01-22,2003/2004,Jan,39,0,2,2,0,6,0,10,16.25,15.076923076923077
2004-01-29,2003/2004,Jan,40,0,0,6,0,14,1,21,14.625,13.538461538461538
2004-02-05,2003/2004,Feb,41,0,1,3,0,5,5,14,14.125,12.923076923076923
2004-02-12,2003/2004,Feb,42,0,0,4,0,8,2,14,12.25,12.076923076923077
2004-02-19,2003/2004,Feb,43,0,0,4,0,4,1,9,11.25,11.23076923076923
2004-02-26,2003/2004,Feb,44,0,2,4,0,5,0,11,10.875,9.923076923076923
2004-03-04,2003/2004,Mar,45,0,1,1,0,3,0,5,9.625,9.0
2004-03-11,2003/2004,Mar,46,0,2,1,0,3,0,6,8.375,8.692307692307692
2004-03-18,2003/2004,Mar,47,0,0,1,0,6,0,7,7.0,7.846153846153846
2004-03-25,2003/2004,Mar,48,0,3,3,0,5,0,11,6.125,7.3076923076923075
2004-04-01,2003/2004,Apr,49,0,0,0,0,4,0,4,5.5,6.615384615384615
2004-04-08,2003/2004,Apr,50,0,1,1,0,1,0,3,6.125,6.153846153846154
2004-04-15,2003/2004,Apr,51,0,0,1,0,1,0,2,6.25,6.230769230769231
2004-04-22,2003/2004,Apr,52,0,2,1,0,2,1,6,6.0,6.846153846153846
2004-04-29,2004/2005,Apr,1,0,3,2,0,4,1,10,5.0,7.153846153846154
2004-05-06,2004/2005,May,2,0,1,0,0,5,1,7,6.0,7.615384615384615
2004-05-13,2004/2005,May,3,0,1,2,0,2,0,5,7.25,7.769230769230769
2004-05-20,2004/2005,May,4,0,0,0,0,3,0,3,8.25,8.076923076923077
2004-05-27,2004/2005,May,5,0,1,3,0,7,1,12,9.125,9.461538461538462
2004-06-03,2004/2005,Jun,6,0,1,0,0,11,1,13,9.5,10.692307692307692
2004-06-10,2004/2005,Jun,7,0,0,1,0,9,0,10,9.625,10.846153846153847
2004-06-17,2004/2005,Jun,8,0,2,3,0,6,2,13,11.625,10.615384615384615
2004-06-24,2004/2005,Jun,9,0,2,1,0,8,2,13,13.5,11.615384615384615
2004-07-01,2004/2005,Jul,10,0,0,3,0,5,0,8,13.0,12.307692307692308
2004-07-08,2004/2005,Jul,11,0,1,1,0,17,2,21,12.25,13.153846153846153
2004-07-15,2004/2005,Jul,12,0,2,1,0,15,0,18,13.5,12.76923076923077
2004-07-22,2004/2005,Jul,13,0,0,0,0,8,0,8,13.625,12.846153846153847
2004-07-29,2004/2005,Jul,14,0,1,1,0,5,0,7,13.75,12.846153846153847
2004-08-05,2004/2005,Aug,15,0,5,1,0,14,0,20,13.625,12.846153846153847
2004-08-12,2004/2005,Aug,16,0,1,1,0,12,0,14,12.75,13.923076923076923
2004-08-19,2004/2005,Aug,17,0,4,2,0,8,0,14,11.75,14.307692307692308
2004-08-26,2004/2005,Aug,18,0,3,2,0,2,0,7,12.375,14.076923076923077
2004-09-02,2004/2005,Sep,19,0,3,1,0,8,2,14,14.875,13.923076923076923
2004-09-09,2004/2005,Sep,20,0,2,1,0,7,0,10,14.0,14.538461538461538
2004-09-16,2004/2005,Sep,21,0,1,2,0,6,4,13,14.5,15.538461538461538
2004-09-23,2004/2005,Sep,22,0,4,2,0,18,3,27,14.75,15.307692307692308
2004-09-30,2004/2005,Sep,23,0,2,1,0,9,1,13,15.875,14.538461538461538
2004-10-07,2004/2005,Oct,24,0,5,2,0,10,1,18,16.625,14.615384615384615
2004-10-14,2004/2005,Oct,25,0,2,3,0,10,1,16,17.5,14.692307692307692
2004-10-21,2004/2005,Oct,26,0,4,1,0,8,3,16,16.375,14.076923076923077
2004-10-28,2004/2005,Oct,27,0,4,3,0,13,0,20,14.875,14.23076923076923
2004-11-04,2004/2005,Nov,28,0,3,2,0,11,1,17,14.25,14.384615384615385
2004-11-11,2004/2005,Nov,29,0,1,1,0,2,0,4,12.75,13.153846153846153
2004-11-18,2004/2005,Nov,30,0,3,0,0,11,1,15,12.25,12.923076923076923
2004-11-25,2004/2005,Nov,31,0,1,0,0,6,1,8,12.125,12.692307692307692
2004-12-02,2004/2005,Dec,32,0,1,0,0,5,0,6,11.0,12.76923076923077
2004-12-09,2004/2005,Dec,33,0,1,1,0,10,0,12,10.125,12.076923076923077
2004-12-16,2004/2005,Dec,34,0,2,1,0,12,0,15,11.5,11.076923076923077
2004-12-23,2004/2005,Dec,35,0,3,1,0,7,0,11,11.75,10.384615384615385
2005-01-01,2004/2005,Jan,36,0,2,2,0,5,1,10,11.625,10.76923076923077
2005-01-08,2004/2005,Jan,37,0,5,0,0,8,2,15,11.75,10.538461538461538
2005-01-15,2004/2005,Jan,38,0,2,2,0,12,1,17,11.25,10.846153846153847
2005-01-22,2004/2005,Jan,39,0,3,1,0,2,1,7,10.5,10.76923076923077
2005-01-29,2004/2005,Jan,40,0,2,1,0,4,0,7,10.625,10.153846153846153
2005-02-05,2004/2005,Feb,41,0,2,0,0,6,0,8,10.875,9.846153846153847
2005-02-12,2004/2005,Feb,42,0,3,1,0,5,0,9,9.625,9.307692307692308
2005-02-19,2004/2005,Feb,43,0,1,0,0,10,1,12,8.0,8.923076923076923
2005-02-26,2004/2005,Feb,44,0,2,0,0,9,1,12,8.5,8.307692307692308
2005-03-05,2004/2005,Mar,45,0,1,0,0,4,0,5,8.125,7.076923076923077
2005-03-12,2004/2005,Mar,46,0,1,1,0,2,0,4,7.75,6.615384615384615
2005-03-19,2004/2005,Mar,47,0,1,0,0,8,2,11,7.5,6.384615384615385
2005-03-26,2004/2005,Mar,48,0,1,0,0,3,0,4,6.125,5.923076923076923
2005-04-02,2004/2005,Apr,49,0,1,0,0,3,1,5,4.75,5.6923076923076925
2005-04-09,2004/2005,Apr,50,0,3,0,0,4,0,7,4.625,5.0
2005-04-16,2004/2005,Apr,51,0,0,0,0,1,0,1,4.375,4.384615384615385
2005-04-23,2004/2005,Apr,52,0,1,0,0,0,0,1,3.75,4.769230769230769
2005-04-30,2005/2006,Apr,1,0,2,0,0,2,0,4,3.625,5.384615384615385
2005-05-07,2005/2006,May,2,0,0,0,0,1,1,2,3.5,6.153846153846154
2005-05-14,2005/2006,May,3,0,3,0,0,2,1,6,3.875,7.846153846153846
2005-05-21,2005/2006,May,4,0,0,0,0,3,0,3,5.25,9.076923076923077
2005-05-28,2005/2006,May,5,0,1,0,0,3,0,4,7.75,10.846153846153847
2005-06-04,2005/2006,Jun,6,0,3,1,0,6,0,10,10.5,14.23076923076923
2005-06-11,2005/2006,Jun,7,0,3,0,0,9,0,12,12.875,18.46153846153846
2005-06-18,2005/2006,Jun,8,0,6,1,0,13,1,21,15.875,23.923076923076923
2005-06-25,2005/2006,Jun,9,0,8,0,0,15,3,26,21.125,30.153846153846153
2005-07-02,2005/2006,Jul,10,0,6,1,0,13,1,21,27.625,36.0
2005-07-09,2005/2006,Jul,11,0,6,0,0,21,3,30,35.75,45.46153846153846
2005-07-16,2005/2006,Jul,12,0,5,0,0,37,3,45,44.625,54.30769230769231
2005-07-23,2005/2006,Jul,13,0,5,1,0,45,5,56,52.25,64.07692307692308
2005-07-30,2005/2006,Jul,14,0,9,2,0,60,4,75,64.75,73.23076923076923
2005-08-06,2005/2006,Aug,15,0,20,1,0,58,4,83,77.0,80.23076923076923
2005-08-13,2005/2006,Aug,16,0,12,2,0,60,8,82,90.375,84.53846153846153
2005-08-20,2005/2006,Aug,17,0,13,3,0,93,17,126,101.125,88.53846153846153
2005-08-27,2005/2006,Aug,18,0,17,1,0,80,21,119,108.125,89.53846153846153
2005-09-03,2005/2006,Sep,19,0,20,7,0,92,18,137,109.0,90.3076923076923
2005-09-10,2005/2006,Sep,20,0,30,3,0,88,10,131,107.75,90.23076923076923
2005-09-17,2005/2006,Sep,21,0,27,2,0,71,12,112,102.875,88.53846153846153
2005-09-24,2005/2006,Sep,22,0,14,6,0,54,8,82,94.0,85.6923076923077
2005-10-01,2005/2006,Oct,23,0,15,2,0,53,3,73,86.0,82.6923076923077
2005-10-08,2005/2006,Oct,24,0,7,2,0,33,1,43,75.5,75.23076923076923
2005-10-15,2005/2006,Oct,25,0,9,2,0,44,0,55,64.875,67.76923076923077
2005-10-22,2005/2006,Oct,26,0,16,4,1,32,2,55,56.25,59.23076923076923
2005-10-29,2005/2006,Oct,27,0,8,4,0,39,2,53,49.625,50.15384615384615
2005-11-05,2005/2006,Nov,28,0,9,0,0,34,3,46,43.25,42.84615384615385
2005-11-12,2005/2006,Nov,29,0,8,0,0,28,7,43,41.125,37.15384615384615
2005-11-19,2005/2006,Nov,30,0,4,0,0,25,0,29,35.875,32.53846153846154
2005-11-26,2005/2006,Nov,31,0,8,2,0,12,0,22,31.125,30.0
2005-12-03,2005/2006,Dec,32,0,12,1,0,11,2,26,25.5,27.076923076923077
2005-12-10,2005/2006,Dec,33,0,6,0,0,7,0,13,21.375,24.307692307692307
2005-12-17,2005/2006,Dec,34,0,10,1,0,6,0,17,17.25,20.923076923076923
2005-12-24,2005/2006,Dec,35,0,3,0,0,5,0,8,15.75,18.076923076923077
2006-01-01,2005/2006,Jan,36,0,4,1,0,8,0,13,15.375,15.461538461538462
2006-01-08,2005/2006,Jan,37,0,3,0,0,7,0,10,13.25,13.461538461538462
2006-01-15,2005/2006,Jan,38,0,8,0,0,8,1,17,12.75,12.307692307692308
2006-01-22,2005/2006,Jan,39,0,11,2,0,6,0,19,11.75,10.846153846153847
2006-01-29,2005/2006,Jan,40,0,4,1,0,4,0,9,11.125,9.846153846153847
2006-02-05,2005/2006,Feb,41,0,3,1,0,4,1,9,10.375,8.692307692307692
2006-02-12,2005/2006,Feb,42,0,4,1,0,4,0,9,10.0,8.307692307692308
2006-02-19,2005/2006,Feb,43,0,2,1,0,0,0,3,7.875,7.538461538461538
2006-02-26,2005/2006,Feb,44,0,6,0,0,0,1,7,5.75,6.846153846153846
2006-03-05,2005/2006,Mar,45,0,2,2,0,3,0,7,5.0,5.769230769230769
2006-03-12,2005/2006,Mar,46,0,0,0,0,0,0,0,4.25,4.538461538461538
2006-03-19,2005/2006,Mar,47,0,0,0,0,1,1,2,3.25,4.076923076923077
2006-03-26,2005/2006,Mar,48,0,1,1,0,1,0,3,3.25,3.923076923076923
2006-04-02,2005/2006,Apr,49,0,2,0,0,1,0,3,2.75,3.4615384615384617
2006-04-09,2005/2006,Apr,50,0,0,1,0,0,0,1,2.25,3.6153846153846154
2006-04-16,2005/2006,Apr,51,0,1,0,0,2,0,3,3.125,3.923076923076923
2006-04-23,2005/2006,Apr,52,0,2,0,0,1,0,3,3.25,3.769230769230769
2006-04-30,2006/2007,Apr,1,0,2,0,0,1,0,3,3.5,4.153846153846154
2006-05-07,2006/2007,May,2,0,2,0,0,4,1,7,4.5,4.461538461538462
2006-05-14,2006/2007,May,3,0,1,0,0,2,0,3,5.0,4.6923076923076925
2006-05-21,2006/2007,May,4,0,1,0,0,3,1,5,5.25,4.769230769230769
2006-05-28,2006/2007,May,5,0,3,2,0,5,1,11,5.625,5.0
2006-06-04,2006/2007,Jun,6,0,1,0,0,4,0,5,6.0,5.384615384615385
2006-06-11,2006/2007,Jun,7,0,1,0,0,4,0,5,5.625,6.230769230769231
2006-06-18,2006/2007,Jun,8,0,3,1,0,2,0,6,5.75,6.923076923076923
2006-06-25,2006/2007,Jun,9,0,2,1,0,3,0,6,6.125,7.615384615384615
2006-07-02,2006/2007,Jul,10,0,0,0,0,4,0,4,6.5,8.153846153846153
2006-07-09,2006/2007,Jul,11,0,3,0,0,1,0,4,7.375,9.0
2006-07-16,2006/2007,Jul,12,0,2,0,0,6,0,8,8.75,9.538461538461538
2006-07-23,2006/2007,Jul,13,0,6,4,0,4,0,14,9.25,10.307692307692308
2006-07-30,2006/2007,Jul,14,0,3,3,0,6,0,12,10.5,11.692307692307692
2006-08-06,2006/2007,Aug,15,0,7,0,0,8,1,16,12.25,12.538461538461538
2006-08-13,2006/2007,Aug,16,0,2,0,0,8,0,10,13.625,14.615384615384615
2006-08-20,2006/2007,Aug,17,0,5,3,0,8,0,16,15.5,15.461538461538462
2006-08-27,2006/2007,Aug,18,0,4,5,0,7,2,18,15.875,16.153846153846153
2006-09-03,2006/2007,Sep,19,0,5,1,1,6,2,15,18.5,16.384615384615383
2006-09-10,2006/2007,Sep,20,0,3,7,0,12,1,23,18.375,16.384615384615383
2006-09-17,2006/2007,Sep,21,0,7,4,0,6,0,17,18.75,16.76923076923077
2006-09-24,2006/2007,Sep,22,0,12,6,0,13,2,33,18.125,17.0
2006-10-01,2006/2007,Oct,23,0,4,3,0,8,0,15,17.625,17.76923076923077
2006-10-08,2006/2007,Oct,24,0,4,5,0,3,1,13,17.875,17.46153846153846
2006-10-15,2006/2007,Oct,25,0,5,2,0,4,0,11,17.375,17.692307692307693
2006-10-22,2006/2007,Oct,26,1,6,2,0,4,1,14,17.75,17.076923076923077
2006-10-29,2006/2007,Oct,27,0,1,5,0,11,0,17,15.125,16.76923076923077
2006-11-05,2006/2007,Nov,28,0,5,5,0,8,1,19,15.875,16.23076923076923
2006-11-12,2006/2007,Nov,29,0,5,4,1,9,1,20,15.125,14.692307692307692
2006-11-19,2006/2007,Nov,30,0,4,1,0,7,0,12,16.125,14.307692307692308
2006-11-26,2006/2007,Nov,31,0,6,6,0,9,0,21,15.625,13.923076923076923
2006-12-03,2006/2007,Dec,32,0,3,3,0,1,0,7,15.125,14.692307692307692
2006-12-10,2006/2007,Dec,33,0,2,6,0,10,1,19,14.0,14.461538461538462
2006-12-17,2006/2007,Dec,34,0,2,4,0,2,2,10,12.5,13.846153846153847
2006-12-24,2006/2007,Dec,35,0,2,5,0,5,1,13,13.625,13.461538461538462
2007-01-01,2006/2007,Jan,36,0,1,5,0,4,0,10,12.375,13.0
2007-01-08,2006/2007,Jan,37,0,1,2,0,3,2,8,12.625,13.23076923076923
2007-01-15,2006/2007,Jan,38,0,3,6,0,10,2,21,12.0,13.0
2007-01-22,2006/2007,Jan,39,0,5,1,1,3,1,11,12.5,13.692307692307692
2007-01-29,2006/2007,Jan,40,0,2,2,0,4,1,9,12.75,13.153846153846153
2007-02-05,2006/2007,Feb,41,0,4,5,0,5,0,14,13.75,13.923076923076923
2007-02-12,2006/2007,Feb,42,0,6,4,0,4,0,14,14.75,13.538461538461538
2007-02-19,2006/2007,Feb,43,0,3,7,0,5,0,15,13.625,13.0
2007-02-26,2006/2007,Feb,44,0,4,8,0,5,1,18,14.75,13.384615384615385
2007-03-05,2006/2007,Mar,45,0,3,7,0,6,0,16,14.625,12.076923076923077
2007-03-12,2006/2007,Mar,46,0,5,0,0,6,1,12,13.25,11.307692307692308
2007-03-19,2006/2007,Mar,47,0,7,4,0,8,1,20,13.125,11.384615384615385
2007-03-26,2006/2007,Mar,48,0,3,1,0,4,0,8,11.75,10.923076923076923
2007-04-02,2006/2007,Apr,49,0,0,1,0,2,0,3,9.625,10.846153846153847
2007-04-09,2006/2007,Apr,50,0,2,2,0,8,1,13,8.875,10.461538461538462
2007-04-16,2006/2007,Apr,51,0,1,1,0,2,0,4,8.375,10.692307692307692
2007-04-23,2006/2007,Apr,52,0,0,0,0,1,0,1,7.5,10.846153846153847
2007-04-30,2007/2008,Apr,1,0,6,0,0,4,0,10,7.75,11.538461538461538
2007-05-07,2007/2008,May,2,0,3,3,0,2,0,8,10.0,12.615384615384615
2007-05-14,2007/2008,May,3,0,0,6,0,7,0,13,10.625,13.923076923076923
2007-05-21,2007/2008,May,4,0,0,4,0,6,0,10,12.75,16.307692307692307
2007-05-28,2007/2008,May,5,0,1,13,0,6,1,21,16.875,17.846153846153847
2007-06-04,2007/2008,Jun,6,0,3,7,0,7,1,18,18.75,20.615384615384617
2007-06-11,2007/2008,Jun,7,0,4,7,0,9,1,21,22.0,23.76923076923077
2007-06-18,2007/2008,Jun,8,0,6,13,0,12,3,34,24.5,25.76923076923077
2007-06-25,2007/2008,Jun,9,0,4,4,1,13,3,25,28.25,30.692307692307693
2007-07-02,2007/2008,Jul,10,2,3,9,0,18,2,34,30.875,35.46153846153846
2007-07-09,2007/2008,Jul,11,1,6,11,1,11,3,33,33.125,40.53846153846154
2007-07-16,2007/2008,Jul,12,2,7,21,0,9,1,40,39.5,46.0
2007-07-23,2007/2008,Jul,13,5,10,20,0,6,1,42,44.625,50.07692307692308
2007-07-30,2007/2008,Jul,14,0,3,23,0,7,3,36,51.0,57.07692307692308
2007-08-06,2007/2008,Aug,15,2,9,35,0,23,3,72,58.25,62.61538461538461
2007-08-13,2007/2008,Aug,16,8,14,28,2,21,2,75,63.0,68.46153846153847
2007-08-20,2007/2008,Aug,17,5,14,34,3,19,1,76,72.0,78.92307692307692
2007-08-27,2007/2008,Aug,18,7,6,53,5,16,5,92,80.0,86.76923076923077
2007-09-03,2007/2008,Sep,19,6,14,34,1,12,4,71,88.125,91.84615384615384
2007-09-10,2007/2008,Sep,20,10,13,58,1,26,4,112,100.375,93.84615384615384
2007-09-17,2007/2008,Sep,21,9,6,52,0,37,2,106,107.875,94.76923076923077
2007-09-24,2007/2008,Sep,22,6,15,48,1,27,4,101,111.625,92.92307692307692
2007-10-01,2007/2008,Oct,23,13,23,74,3,45,12,170,108.625,89.15384615384616
2007-10-08,2007/2008,Oct,24,7,19,59,0,45,5,135,105.75,85.84615384615384
2007-10-15,2007/2008,Oct,25,10,13,41,0,37,5,106,97.75,81.0
2007-10-22,2007/2008,Oct,26,7,6,25,3,20,7,68,87.75,76.84615384615384
2007-10-29,2007/2008,Oct,27,2,4,8,0,29,5,48,79.25,69.15384615384616
2007-11-05,2007/2008,Nov,28,2,5,27,0,12,2,48,61.625,62.0
2007-11-12,2007/2008,Nov,29,0,0,9,0,15,2,26,46.875,55.53846153846154
2007-11-19,2007/2008,Nov,30,1,2,8,0,17,5,33,35.125,43.61538461538461
2007-11-26,2007/2008,Nov,31,3,0,10,0,16,0,29,28.25,34.30769230769231
2007-12-03,2007/2008,Dec,32,1,1,4,0,11,0,17,24.375,27.307692307692307
2007-12-10,2007/2008,Dec,33,0,0,1,0,10,1,12,20.25,22.846153846153847
2007-12-17,2007/2008,Dec,34,2,0,1,1,9,0,13,18.75,19.846153846153847
2007-12-24,2007/2008,Dec,35,1,0,1,1,12,2,17,16.5,16.307692307692307
2008-01-01,2007/2008,Jan,36,0,2,2,0,11,0,15,14.125,14.76923076923077
2008-01-08,2007/2008,Jan,37,1,1,6,0,6,0,14,13.125,12.846153846153847
2008-01-15,2007/2008,Jan,38,2,0,5,0,8,0,15,11.875,11.0
2008-01-22,2007/2008,Jan,39,1,0,6,0,3,0,10,11.0,9.76923076923077
2008-01-29,2007/2008,Jan,40,1,0,2,0,6,0,9,9.875,9.0
2008-02-05,2007/2008,Feb,41,1,0,0,0,1,0,2,8.625,8.23076923076923
2008-02-12,2007/2008,Feb,42,1,0,1,0,4,0,6,7.0,7.230769230769231
2008-02-19,2007/2008,Feb,43,1,0,1,0,6,0,8,5.375,6.3076923076923075
2008-02-26,2007/2008,Feb,44,1,0,1,0,3,0,5,4.5,5.3076923076923075
2008-03-04,2007/2008,Mar,45,1,0,0,0,0,0,1,3.875,4.384615384615385
2008-03-11,2007/2008,Mar,46,1,0,0,0,1,0,2,4.0,4.0
2008-03-18,2007/2008,Mar,47,0,0,2,0,1,0,3,3.375,3.4615384615384617
2008-03-25,2007/2008,Mar,48,0,1,1,0,2,0,4,2.75,3.5384615384615383
2008-04-01,2007/2008,Apr,49,0,0,0,0,2,1,3,2.75,3.230769230769231
2008-04-08,2007/2008,Apr,50,0,0,0,0,1,0,1,2.875,2.8461538461538463
2008-04-15,2007/2008,Apr,51,0,1,2,0,0,0,3,3.0,2.6153846153846154
2008-04-22,2007/2008,Apr,52,2,0,1,0,2,0,5,2.875,2.6923076923076925
2008-04-29,2008/2009,Apr,1,0,0,1,0,1,0,2,2.75,2.769230769230769
2008-05-06,2008/2009,May,2,1,0,0,0,2,0,3,2.625,2.8461538461538463
2008-05-13,2008/2009,May,3,0,0,0,0,2,0,2,2.75,2.769230769230769
2008-05-20,2008/2009,May,4,1,0,0,0,2,0,3,2.75,2.8461538461538463
2008-05-27,2008/2009,May,5,1,0,0,0,1,0,2,2.625,3.076923076923077
2008-06-03,2008/2009,Jun,6,0,0,0,0,2,0,2,2.75,3.1538461538461537
2008-06-10,2008/2009,Jun,7,0,1,1,0,1,0,3,2.875,3.3076923076923075
2008-06-17,2008/2009,Jun,8,0,0,2,0,2,0,4,3.125,3.6153846153846154
2008-06-24,2008/2009,Jun,9,0,0,0,0,3,0,3,3.25,4.538461538461538
2008-07-01,2008/2009,Jul,10,2,0,1,0,1,0,4,3.875,5.230769230769231
2008-07-08,2008/2009,Jul,11,0,0,1,0,3,0,4,4.375,5.6923076923076925
2008-07-15,2008/2009,Jul,12,3,0,1,0,0,0,4,5.875,6.230769230769231
2008-07-22,2008/2009,Jul,13,2,0,0,0,5,0,7,6.75,7.0
2008-07-29,2008/2009,Jul,14,1,1,1,0,3,0,6,7.5,7.769230769230769
2008-08-05,2008/2009,Aug,15,3,0,2,0,10,0,15,8.125,8.461538461538462
2008-08-12,2008/2009,Aug,16,3,1,0,0,7,0,11,9.125,9.23076923076923
2008-08-19,2008/2009,Aug,17,1,1,0,1,6,0,9,10.25,10.461538461538462
2008-08-26,2008/2009,Aug,18,1,0,1,0,7,0,9,11.0,12.307692307692308
2008-09-02,2008/2009,Sep,19,3,0,2,0,7,0,12,11.875,15.461538461538462
2008-09-09,2008/2009,Sep,20,3,0,4,0,6,0,13,12.5,17.076923076923077
2008-09-16,2008/2009,Sep,21,1,0,1,0,11,0,13,14.625,19.23076923076923
2008-09-23,2008/2009,Sep,22,1,0,1,0,11,0,13,19.125,21.23076923076923
2008-09-30,2008/2009,Sep,23,3,1,3,0,12,1,20,21.5,23.153846153846153
2008-10-07,2008/2009,Oct,24,9,2,1,0,16,0,28,24.25,25.384615384615383
2008-10-14,2008/2009,Oct,25,17,2,2,0,24,0,45,27.75,28.384615384615383
2008-10-21,2008/2009,Oct,26,9,5,2,0,12,0,28,30.625,29.53846153846154
2008-10-28,2008/2009,Oct,27,9,1,4,1,19,0,34,33.75,30.307692307692307
2008-11-04,2008/2009,Nov,28,11,2,4,0,24,0,41,37.25,31.46153846153846
2008-11-11,2008/2009,Nov,29,19,1,1,0,13,2,36,37.125,33.69230769230769
2008-11-18,2008/2009,Nov,30,19,5,2,0,12,0,38,34.375,34.46153846153846
2008-11-25,2008/2009,Nov,31,26,1,2,0,19,0,48,34.375,33.69230769230769
2008-12-02,2008/2009,Dec,32,13,1,1,1,11,0,27,35.375,33.15384615384615
2008-12-09,2008/2009,Dec,33,14,1,1,0,6,1,23,34.0,33.15384615384615
2008-12-16,2008/2009,Dec,34,13,3,2,0,10,0,28,31.75,33.30769230769231
2008-12-23,2008/2009,Dec,35,20,3,0,0,19,0,42,31.75,33.53846153846154
2009-01-01,2008/2009,Jan,36,15,0,2,0,13,0,30,29.25,33.92307692307692
2009-01-08,2008/2009,Jan,37,10,0,0,0,8,0,18,30.375,33.69230769230769
2009-01-15,2008/2009,Jan,38,25,1,0,0,12,0,38,33.0,32.15384615384615
2009-01-22,2008/2009,Jan,39,16,1,1,0,10,0,28,34.625,32.23076923076923
2009-01-29,2008/2009,Jan,40,21,1,1,0,13,0,36,33.75,32.15384615384615
2009-02-05,2008/2009,Feb,41,27,2,0,0,15,0,44,33.5,32.0
2009-02-12,2008/2009,Feb,42,27,1,0,0,13,0,41,34.75,30.615384615384617
2009-02-19,2008/2009,Feb,43,21,1,0,1,12,0,35,32.75,29.0
2009-02-26,2008/2009,Feb,44,13,0,0,0,15,0,28,32.5,29.23076923076923
2009-03-05,2008/2009,Mar,45,16,1,0,0,11,0,28,31.0,27.076923076923077
2009-03-12,2008/2009,Mar,46,12,0,0,0,10,0,22,26.625,26.076923076923077
2009-03-19,2008/2009,Mar,47,14,0,0,0,12,0,26,24.125,
2009-03-26,2008/2009,Mar,48,11,0,0,0,13,0,24,21.0,
2009-04-02,2008/2009,Apr,49,4,0,0,1,4,0,9,19.375,
2009-04-09,2008/2009,Apr,50,13,0,0,1,7,0,21,,
2009-04-16,2008/2009,Apr,51,7,0,0,0,3,0,10,,
2009-04-23,2008/2009,Apr,52,11,0,0,1,3,0,15,,
